productId,encryptedProductId,modelNumber,title,expectedBQ,status,videoTitles,videoIds
1601939651515,AAF2jmk4AOWGex-cDVm7jTxY,BQ032-W1 / ZX2212,Wholesale Regular Fit Knit Lace-Up Casual Walking Shoes Large Size Factory Supply Model ZX2212,032,GENERIC_FACTORY_VIDEO,Beiqiang Footwear Factory Overview 42s,AAHKjmk4AOWGexucDVhQwd_F
12000003229472,AAHcjmk4AOWGexScDcS3aADD,DZ14546082-A,OEM Breathable Mesh Chunky Walking Shoes Lightweight Cushioned Lace-Up Casual Sneakers EU 36-45,,GENERIC_FACTORY_VIDEO,"Footwear Production Process | Making, Checking and Packing",AAGnjmk4AOWGexucDVhQxsS4
1601939751023,AAGyjmk4AOWGex-cDVm7iseM,BQ032-R1 / ZX2212,Regular Fit Knit Lace-Up Casual Walking Shoes Large Size for Large Size Daily Walking and Casual Wear Model ZX2212,032,GENERIC_FACTORY_VIDEO,Beiqiang Footwear Factory Overview 42s,AAHKjmk4AOWGexucDVhQwd_F
1601939722196,AAFejmk4AOWGex-cDVm7ikg3,BQ032-O1 / ZX2212,Custom Logo Regular Fit Knit Lace-Up Casual Walking Shoes Large Size OEM ODM Private Label Footwear Supplier Model ZX2212,032,GENERIC_FACTORY_VIDEO,Beiqiang Footwear Factory Overview 42s,AAHKjmk4AOWGexucDVhQwd_F
1601939693331,AAGqjmk4AOWGex-cDVm7jdjw,BQ031-W1 / ZX2116,Wholesale Wide Toe Box Knit Lace-Up Walking Shoes Large Size Factory Supply Model ZX2116,031,GENERIC_FACTORY_VIDEO,"Footwear Production Process | Making, Checking and Packing",AAGnjmk4AOWGexucDVhQxsS4
1601939667426,AAFhjmk4AOWGex-cDVm7jX4B,BQ031-R1 / ZX2116,Wide Toe Box Knit Lace-Up Walking Shoes Large Size for Wide Fit Daily Walking Model ZX2116,031,GENERIC_FACTORY_VIDEO,"Footwear Production Process | Making, Checking and Packing",AAGnjmk4AOWGexucDVhQxsS4
1601939672381,AAHKjmk4AOWGex-cDVm7jYre,BQ030-W1 / A811,Wholesale Kids Knit Lace-Up Walking Shoes Factory Supply Model A811,030,GENERIC_FACTORY_VIDEO,Beiqiang_Factory_Workflow_Tips_Vertical_20260828.mp4,AAG2jmk4AOWGexucDVhQxt2u
1601939754004,AAGhjmk4AOWGex-cDVm7isv3,BQ031-O1 / ZX2116,Custom Logo Wide Toe Box Knit Lace-Up Walking Shoes Large Size OEM ODM Private Label Footwear Supplier Model ZX2116,031,GENERIC_FACTORY_VIDEO,"Footwear Production Process | Making, Checking and Packing",AAGnjmk4AOWGexucDVhQxsS4
1601939679363,AAHxjmk4AOWGex-cDVm7ja9g,BQ030-R1 / A811,Kids Breathable Light Weight Knit Lace-Up Walking Shoes for School and Daily Use Model A811,030,GENERIC_FACTORY_VIDEO,Beiqiang Footwear Factory Overview 42s,AAHKjmk4AOWGexucDVhQwd_F
1601939615744,AAH7jmk4AOWGex-cDVm7jLfj,BQ030-O1 / A811,Custom Logo Kids Knit Lace-Up Walking Shoes OEM ODM Private Label Footwear Supplier Model A811,030,GENERIC_FACTORY_VIDEO,Beiqiang Footwear Factory Overview 42s,AAHKjmk4AOWGexucDVhQwd_F
1601939607770,AAExjmk4AOWGex-cDVm7jJc5,BQ029-R1 / A025,High Top Knit Slip-On Breathable Light Weight Walking Shoes for Autumn Winter Casual Model A025,029,GENERIC_FACTORY_VIDEO,Beiqiang Footwear Factory Overview 42s,AAHKjmk4AOWGexucDVhQwd_F
1601939749045,AAH0jmk4AOWGex-cDVm7ir9W,BQ029-W1 / A025,Wholesale High Top Knit Slip-On Walking Shoes Factory Supply Model A025,029,GENERIC_FACTORY_VIDEO,Beiqiang Footwear Factory Overview 42s,AAHKjmk4AOWGexucDVhQwd_F
1601939721228,AAEZjmk4AOWGex-cDVm7ikvv,BQ029-O1 / A025,Custom Logo High Top Knit Slip-On Walking Shoes OEM ODM Private Label Footwear Supplier Model A025,029,GENERIC_FACTORY_VIDEO,Beiqiang Footwear Factory Overview 42s,AAHKjmk4AOWGexucDVhQwd_F
1601939720204,AAEdjmk4AOWGex-cDVm7ik_v,BQ028-W1 / BISCUIT,Wholesale Knit Slip-On Biscuit Sole Casual Walking Shoes Factory Supply Model BISCUIT,028,PRODUCT_VIDEO_MATCH,BQ028 Product and Factory Overview 43s,AAEAjmk4AOWGexucDVhQzkqD
1601939625627,AAEqjmk4AOWGex-cDVm7jNF4,BQ028-R1 / BISCUIT,Knit Slip-On Biscuit Sole Casual Walking Shoes for Travel Commuting and Daily Wear Model BISCUIT,028,PRODUCT_VIDEO_MATCH,BQ028 Product and Factory Overview 43s,AAEAjmk4AOWGexucDVhQzkqD
1601939705262,AAE2jmk4AOWGex-cDVm7igpN,BQ028-O1 / BISCUIT,Custom Logo Knit Slip-On Biscuit Sole Casual Walking Shoes OEM ODM Private Label Footwear Supplier Model BISCUIT,028,PRODUCT_VIDEO_MATCH,BQ028 Product and Factory Overview 43s,AAEAjmk4AOWGexucDVhQzkqD
1601939616762,AAGujmk4AOWGex-cDVm7jLQZ,BQ027-W1 / K6116,Wholesale Knit Lace Detail Casual Walking Shoes Factory Supply Model K6116,027,PRODUCT_VIDEO_MATCH,BQ027 Product and Factory Overview 43s,AAHljmk4AOWGexucDVhQzlPf
1601939692338,AAGPjmk4AOWGex-cDVm7jdzR,BQ027-R1 / K6116,Knit Lace Detail Casual Walking Shoes for Daily Walking and Casual Wear Model K6116,027,PRODUCT_VIDEO_MATCH,BQ027 Product and Factory Overview 43s,AAHljmk4AOWGexucDVhQzlPf
1601939703288,AAH8jmk4AOWGex-cDVm7igIb,BQ027-O1 / K6116,Custom Logo Knit Lace Detail Casual Walking Shoes OEM ODM Private Label Footwear Supplier Model K6116,027,PRODUCT_VIDEO_MATCH,BQ027 Product and Factory Overview 43s,AAHljmk4AOWGexucDVhQzlPf
1601939745065,AAHXjmk4AOWGex-cDVm7iq7K,BQ026-W1 / T5828,Wholesale Knit Lace-Up Walking Shoes Casual Shoes Factory Supply Model T5828,026,PRODUCT_VIDEO_MATCH,BQ026 Product and Factory Overview 43s,AAH7jmk4AOWGexucDVhQzjCY
1601939714238,AAFzjmk4AOWGex-cDVm7ijdd,BQ026-O1 / T5828,Custom Logo Knit Lace-Up Walking Shoes Casual Shoes OEM ODM Private Label Footwear Supplier Model T5828,026,PRODUCT_VIDEO_MATCH,BQ026 Product and Factory Overview 43s,AAH7jmk4AOWGexucDVhQzjCY
1601939725201,AAEtjmk4AOWGex-cDVm7ilxy,BQ026-R1 / T5828,Knit Lace-Up Walking Shoes Casual Shoes for Daily Walking and Casual Wear Model T5828,026,PRODUCT_VIDEO_MATCH,BQ026 Product and Factory Overview 43s,AAH7jmk4AOWGexucDVhQzjCY
1601939751016,AAGxjmk4AOWGex-cDVm7iseL,BQ025-R1 / A1689,Low Cut Knit Slip-On Walking Shoes Casual Shoes for Travel Commuting and Daily Wear Model A1689,025,PRODUCT_VIDEO_MATCH,BQ025 Product and Factory Overview 43s,AAEJjmk4AOWGexucDVhQzigu
1601939612707,AAHEjmk4AOWGex-cDVm7jKPA,BQ025-W1 / A1689,Wholesale Breathable Light Weight Low Cut Knit Slip-On Walking Shoes EVA Midsole Casual Factory Supply Model A1689,025,PRODUCT_VIDEO_MATCH,BQ025 Product and Factory Overview 43s,AAEJjmk4AOWGexucDVhQzigu
1601939691342,AAHfjmk4AOWGex-cDVm7jdCt,BQ024-W1 / A830,Wholesale Knit Slip-On Walking Shoes Casual Shoes Factory Supply Model A830,024,GENERIC_FACTORY_VIDEO,Beiqiang Footwear Factory Overview 42s,AAHKjmk4AOWGexucDVhQwd_F
1601939733108,AAHzjmk4AOWGex-cDVm7in2X,BQ025-O1 / A1689,Custom Logo Low Cut Knit Slip-On Walking Shoes Casual Shoes OEM ODM Private Label Footwear Supplier Model A1689,025,PRODUCT_VIDEO_MATCH,BQ025 Product and Factory Overview 43s,AAEJjmk4AOWGexucDVhQzigu
1601939691340,AAHhjmk4AOWGex-cDVm7jdCv,BQ024-O1 / A830,Custom Logo Knit Slip-On Walking Shoes Casual Shoes OEM ODM Private Label Footwear Supplier Model A830,024,GENERIC_FACTORY_VIDEO,"Footwear Production Process | Making, Checking and Packing",AAGnjmk4AOWGexucDVhQxsS4
1601939684371,AAGNjmk4AOWGex-cDVm7jbvw,BQ024-R1 / A830,Knit Slip-On Walking Shoes Casual Shoes for Men's Travel Commuting and Daily Wear Model A830,024,GENERIC_FACTORY_VIDEO,Beiqiang Footwear Factory Overview 42s,AAHKjmk4AOWGexucDVhQwd_F
1601939722180,AAFOjmk4AOWGex-cDVm7ikgn,BQ023-W1 / A505,Wholesale Knit Low Cut Slip-On Walking Shoes Casual Shoes Factory Supply Model A505,023,PRODUCT_VIDEO_MATCH,BQ023 Product and Factory Overview 43s,AAEBjmk4AOWGexucDVhQzicn
1601939616754,AAGmjmk4AOWGex-cDVm7jLQR,BQ023-R1 / A505,Knit Low Cut Slip-On Walking Shoes Casual Shoes for Travel Commuting and Daily Wear Model A505,023,PRODUCT_VIDEO_MATCH,BQ023 Product and Factory Overview 43s,AAEBjmk4AOWGexucDVhQzicn
1601939641581,AAEDjmk4AOWGex-cDVm7jRMO,BQ022-W1 / A2208,Wholesale Striped Knit Slip-On Walking Shoes Casual Shoes Factory Supply Model A2208,022,PRODUCT_VIDEO_MATCH,BQ022 Product and Factory Overview 43s,AAF7jmk4AOWGexucDVhQzich
1601939752005,AAHIjmk4AOWGex-cDVm7isOm,BQ023-O1 / A505,Custom Logo Knit Low Cut Slip-On Walking Shoes Casual Shoes OEM ODM Private Label Footwear Supplier Model A505,023,PRODUCT_VIDEO_MATCH,BQ023 Product and Factory Overview 43s,AAEBjmk4AOWGexucDVhQzicn
1601939659468,AAFujmk4AOWGex-cDVm7jV0v,BQ022-R1 / A2208,Striped Knit Slip-On Walking Shoes Casual Shoes for Travel Commuting and Daily Wear Model A2208,022,PRODUCT_VIDEO_MATCH,BQ022 Product and Factory Overview 43s,AAF7jmk4AOWGexucDVhQzich
1601939709218,AAG6jmk4AOWGex-cDVm7ihrB,BQ022-O1 / A2208,Custom Logo Striped Knit Slip-On Walking Shoes Casual Shoes OEM ODM Private Label Footwear Supplier Model A2208,022,PRODUCT_VIDEO_MATCH,BQ022 Product and Factory Overview 43s,AAF7jmk4AOWGexucDVhQzich
1601939606858,AAGUjmk4AOWGex-cDVm7jIqp,BQ021-W1 / K6212,Wholesale Knit Slip-On Walking Shoes Casual Shoes Factory Supply Model K6212,021,PRODUCT_VIDEO_MATCH,BQ021 Product and Factory Overview 43s,AAE4jmk4AOWGexucDVhQzide
1601939709217,AAG7jmk4AOWGex-cDVm7ihrC,BQ021-R1 / K6212,Knit Slip-On Walking Shoes Casual Shoes for Travel Commuting and Daily Wear Model K6212,021,PRODUCT_VIDEO_MATCH,BQ021 Product and Factory Overview 43s,AAE4jmk4AOWGexucDVhQzide
1601939712249,AAEojmk4AOWGex-cDVm7ii8a,BQ020-W1 / A218,Wholesale Hollow Knit Lace-Up Walking Shoes Summer Casual Shoes Factory Supply Model A218,020,PRODUCT_VIDEO_MATCH,BQ020 Product and Factory Overview 43s,AAF9jmk4AOWGexucDVhQzigi
1601939739115,AAH9jmk4AOWGex-cDVm7ipYI,BQ021-O1 / K6212,Custom Logo Knit Slip-On Walking Shoes Casual Shoes OEM ODM Private Label Footwear Supplier Model K6212,021,PRODUCT_VIDEO_MATCH,BQ021 Product and Factory Overview 43s,AAE4jmk4AOWGexucDVhQzide
1601939590957,AAH3jmk4AOWGex-cDVm7jEjO,BQ020-R1 / A218,Hollow Knit Lace-Up Walking Shoes Summer Casual Shoes for Daily Walking and Casual Wear Model A218,020,PRODUCT_VIDEO_MATCH,BQ020 Product and Factory Overview 43s,AAF9jmk4AOWGexucDVhQzigi
1601939625613,AAEgjmk4AOWGex-cDVm7jNFu,BQ020-O1 / A218,Custom Logo Hollow Knit Lace-Up Walking Shoes Summer Casual Shoes OEM ODM Private Label Footwear Supplier Model A218,020,PRODUCT_VIDEO_MATCH,BQ020 Product and Factory Overview 43s,AAF9jmk4AOWGexucDVhQzigi
1601939616747,AAGdjmk4AOWGex-cDVm7jLQI,BQ019-W1 / A206,Wholesale Knit Lace-Up Walking Shoes Casual Shoes Factory Supply Model A206,019,PRODUCT_VIDEO_MATCH,BQ019 Product and Factory Overview 43s,AAEvjmk4AOWGexucDVhQzidV
1601939602873,AAE1jmk4AOWGex-cDVm7jHpa,BQ019-R1 / A206,Knit Lace-Up Walking Shoes Casual Shoes for Daily Walking and Casual Wear Model A206,019,PRODUCT_VIDEO_MATCH,BQ019 Product and Factory Overview 43s,AAEvjmk4AOWGexucDVhQzidV
1601939726170,AAHwjmk4AOWGex-cDVm7ili5,BQ018-W1 / A116,Wholesale Knit Lace-Up Walking Shoes Casual Shoes Factory Supply Model A116,018,PRODUCT_VIDEO_MATCH,BQ018 Product and Factory Overview 43s,AAH-jmk4AOWGexucDVhQzlP4
1601939695286,AAEYjmk4AOWGex-cDVm7jeFV,BQ019-O1 / A206,Custom Logo Knit Lace-Up Walking Shoes Casual Shoes OEM ODM Private Label Footwear Supplier Model A206,019,PRODUCT_VIDEO_MATCH,BQ019 Product and Factory Overview 43s,AAEvjmk4AOWGexucDVhQzidV
1601939641542,AAEajmk4AOWGex-cDVm7jRMl,BQ018-R1 / A116,Knit Lace-Up Walking Shoes Casual Shoes for Daily Walking and Casual Wear Model A116,018,PRODUCT_VIDEO_MATCH,BQ018 Product and Factory Overview 43s,AAH-jmk4AOWGexucDVhQzlP4
1601939589890,AAEOjmk4AOWGex-cDVm7jEzh,BQ018-O1 / A116,Custom Logo Knit Lace-Up Walking Shoes Casual Shoes OEM ODM Private Label Footwear Supplier Model A116,018,PRODUCT_VIDEO_MATCH,BQ018 Product and Factory Overview 43s,AAH-jmk4AOWGexucDVhQzlP4
1601939636508,AAHnjmk4AOWGex-cDVm7jQb_,BQ017-W1 / A008,Wholesale Quilted Knit Lace-Up Walking Shoes Casual Shoes Factory Supply Model A008,017,PRODUCT_VIDEO_MATCH,BQ017 Product and Factory Overview 43s,AAEpjmk4AOWGexucDVhQzidP
1601939697271,AAHfjmk4AOWGex-cDVm7jemU,BQ017-R1 / A008,Quilted Knit Lace-Up Walking Shoes Casual Shoes for Daily Walking and Casual Wear Model A008,017,PRODUCT_VIDEO_MATCH,BQ017 Product and Factory Overview 43s,AAEpjmk4AOWGexucDVhQzidP
1601939593839,AAHKjmk4AOWGex-cDVm7jF2M,BQ017-O1 / A008,Custom Logo Quilted Knit Lace-Up Walking Shoes Casual Shoes OEM ODM Private Label Footwear Supplier Model A008,017,PRODUCT_VIDEO_MATCH,BQ017 Product and Factory Overview 43s,AAEpjmk4AOWGexucDVhQzidP
1601939608691,AAGEjmk4AOWGex-cDVm7jJOQ,BQ016-W1 / 201,Wholesale Girls' Knit Slip-On Walking Shoes Casual School Shoes Factory Supply Model 201,016,PRODUCT_VIDEO_MATCH,BQ016 Product and Factory Overview 43s,AAFQjmk4AOWGexucDVhQzkrT
1601939633580,AAEijmk4AOWGex-cDVm7jPJP,BQ016-O1 / 201,Custom Logo Girls' Knit Slip-On Walking Shoes Casual School Shoes OEM ODM Private Label Footwear Supplier Model 201,016,PRODUCT_VIDEO_MATCH,BQ016 Product and Factory Overview 43s,AAFQjmk4AOWGexucDVhQzkrT
1601939691301,AAH4jmk4AOWGex-cDVm7jdDG,BQ016-R1 / 201,Girls' Breathable Light Weight Knit Slip-On Walking Shoes Casual School Shoes for Daily Use Model 201,016,PRODUCT_VIDEO_MATCH,BQ016 Product and Factory Overview 43s,AAFQjmk4AOWGexucDVhQzkrT
1601939747001,AAHwjmk4AOWGex-cDVm7irda,BQ015-R1 / R1811,Knit Slip-On Walking Shoes Toe Cap Casual Sneakers with Lace Detail for Autumn Winter Walking and Casual Wear Model R1811,015,PRODUCT_VIDEO_MATCH,BQ015 Product and Factory Overview 43s,AAFMjmk4AOWGexucDVhQzkrP
1601939743040,AAGojmk4AOWGex-cDVm7iqaj,BQ015-W1 / R1811,Wholesale Knit Slip-On Walking Shoes Toe Cap Casual Sneakers with Lace Detail Factory Supply Model R1811,015,PRODUCT_VIDEO_MATCH,BQ015 Product and Factory Overview 43s,AAFMjmk4AOWGexucDVhQzkrP
1601939683302,AAGXjmk4AOWGex-cDVm7jbAF,BQ015-O1 / R1811,Custom Logo Breathable Lightweight Knit Slip-On Walking Shoes Toe Casual Sneakers Lace Detail OEM ODM Private Label Model R1811,015,PRODUCT_VIDEO_MATCH,BQ015 Product and Factory Overview 43s,AAFMjmk4AOWGexucDVhQzkrP
1601939669411,AAEojmk4AOWGex-cDVm7jYZA,BQ014-W1 / A507,Wholesale Knit Slip-On Walking Shoes Casual Sneakers Factory Supply Model A507,014,PRODUCT_VIDEO_MATCH,BQ014 Product and Factory Overview 43s,AAHxjmk4AOWGexucDVhQziiW
1601939658415,AAF_jmk4AOWGex-cDVm7jVFM,BQ014-R1 / A507,Breathable Light Weight Knit Slip-On Walking Shoes Casual Sneakers for Travel Commuting and Daily Wear All Seasons Model A507,014,PRODUCT_VIDEO_MATCH,BQ014 Product and Factory Overview 43s,AAHxjmk4AOWGexucDVhQziiW
1601939608686,AAGBjmk4AOWGex-cDVm7jJON,BQ014-O1 / A507,Custom Logo Knit Slip-On Walking Shoes Casual Sneakers OEM ODM Private Label Footwear Supplier Model A507,014,PRODUCT_VIDEO_MATCH,BQ014 Product and Factory Overview 43s,AAHxjmk4AOWGexucDVhQziiW
1601939638522,AAEKjmk4AOWGex-cDVm7jQ8Z,BQ013-R1 / T55836,Knit Slip-On Walking Shoes Casual Shoes for Travel Commuting and Daily Wear Model T55836,013,PRODUCT_VIDEO_MATCH,BQ013 Product and Factory Overview 43s,AAHyjmk4AOWGexucDVhQziiX
1601939619687,AAGdjmk4AOWGex-cDVm7jLiE,BQ013-W1 / T55836,Wholesale Breathable Light Weight Knit Slip-On Walking Shoes Casual Factory Supply Model T55836,013,PRODUCT_VIDEO_MATCH,BQ013 Product and Factory Overview 43s,AAHyjmk4AOWGexucDVhQziiX
1601939736061,AAH_jmk4AOWGex-cDVm7ioIe,BQ013-O1 / T55836,Custom Logo Breathable Light Weight Knit Slip-On Walking Shoes Casual Shoes OEM ODM Private Label Footwear Supplier Model T55836,013,PRODUCT_VIDEO_MATCH,BQ013 Product and Factory Overview 43s,AAHyjmk4AOWGexucDVhQziiX
1601939650458,AAELjmk4AOWGex-cDVm7jTB5,BQ012-W1 / M8506,Wholesale Knit Slip-On Walking Shoes Chunky Casual Shoes with Lace Detail Factory Supply Model M8506,012,PRODUCT_VIDEO_MATCH,BQ012 Product and Factory Overview 43s,AAHujmk4AOWGexucDVhQziiT
1601939681367,AAHNjmk4AOWGex-cDVm7jbe0,BQ012-R1 / M8506,Knit Slip-On Walking Shoes Chunky Casual Shoes with Lace Detail for Men's Daily Walking and Casual Wear Model M8506,012,PRODUCT_VIDEO_MATCH,BQ012 Product and Factory Overview 43s,AAHujmk4AOWGexucDVhQziiT
1601939606805,AAHhjmk4AOWGex-cDVm7jIr2,BQ012-O1 / M8506,Custom Logo Knit Slip-On Walking Shoes Chunky Casual Shoes with Lace Detail OEM ODM Private Label Footwear Supplier Model M8506,012,PRODUCT_VIDEO_MATCH,BQ012 Product and Factory Overview 43s,AAHujmk4AOWGexucDVhQziiT
1601939634522,AAGYjmk4AOWGex-cDVm7jP65,BQ011-W1 / A002,Wholesale Men's Knit Slip-On Walking Shoes Casual Shoes Factory Supply Model A002,011,PRODUCT_VIDEO_MATCH,BQ011 Product and Factory Overview 43s,AAFijmk4AOWGexucDVhQzkrl
1601939666421,AAFqjmk4AOWGex-cDVm7jXIW,BQ011-R1 / A002,Men's Breathable Light Weight Knit Slip-On Walking Shoes with Cushioned Midsole for Commuting and Daily Walking Model A002,011,PRODUCT_VIDEO_MATCH,BQ011 Product and Factory Overview 43s,AAFijmk4AOWGexucDVhQzkrl
1601939589876,AAFFjmk4AOWGex-cDVm7jE0X,BQ010-W1 / R1601,Wholesale Stretch Fabric Low Top Lace-Up Walking Shoes Toe Cap Lightweight Casual Sneakers Factory Supply Model R1601,010,PRODUCT_VIDEO_MATCH,BQ010 Product and Factory Overview 43s,AAFejmk4AOWGexucDVhQzjD7
1601939606803,AAHbjmk4AOWGex-cDVm7jIrw,BQ011-O1 / A002,Custom Logo Men's Knit Slip-On Walking Shoes Casual Shoes OEM ODM Private Label Footwear Supplier Model A002,011,PRODUCT_VIDEO_MATCH,BQ011 Product and Factory Overview 43s,AAFijmk4AOWGexucDVhQzkrl
1601939573998,AAH5jmk4AOWGex-cDVm7jAsN,BQ010-O1 / R1601,Custom Logo Stretch Fabric Low Top Lace-Up Walking Shoes Toe Cap Lightweight Casual Sneakers OEM ODM Private Label Model R1601,010,PRODUCT_VIDEO_MATCH,BQ010 Product and Factory Overview 43s,AAFejmk4AOWGexucDVhQzjD7
1601939734070,AAEtjmk4AOWGex-cDVm7innV,BQ010-R1 / R1601,Stretch Fabric Low Top Lace-Up Walking Shoes Toe Cap Casual Sneakers for Daily Walking and Casual Streetwear Model R1601,010,PRODUCT_VIDEO_MATCH,BQ010 Product and Factory Overview 43s,AAFejmk4AOWGexucDVhQzjD7
1601939661419,AAHPjmk4AOWGex-cDVm7jWWI,BQ009-R1 / L1026,Breathable Mesh Lace-Up Athletic Walking Shoes Thick Sole Lightweight Casual Sneakers for Everyday Training Model L1026,009,PRODUCT_VIDEO_MATCH,BQ009 Product and Factory Overview 43s,AAFejmk4AOWGexucDVhQzkrh
1601939675350,AAG2jmk4AOWGex-cDVm7jZ81,BQ009-W1 / L1026,Wholesale Breathable Mesh Athletic Walking Shoes Thick Sole Casual Sneakers Factory Supply Model L1026,009,PRODUCT_VIDEO_MATCH,BQ009 Product and Factory Overview 43s,AAFejmk4AOWGexucDVhQzkrh
1601939721165,AAFZjmk4AOWGex-cDVm7ikwu,BQ009-O1 / L1026,Custom Logo Breathable Mesh Athletic Walking Shoes Thick Sole Casual Sneakers OEM ODM Private Label Model L1026,009,PRODUCT_VIDEO_MATCH,BQ009 Product and Factory Overview 43s,AAFejmk4AOWGexucDVhQzkrh
1601939625569,AAG0jmk4AOWGex-cDVm7jNGC,BQ008-W1 / L1009,Wholesale Breathable Mesh Lace-Up Athletic Walking Shoes Thick Sole Casual Sneakers Factory Supply Model L1009,008,PRODUCT_VIDEO_MATCH,BQ008 Product and Factory Overview 43s,AAEBjmk4AOWGexucDVhQzksD
1601939659415,AAEzjmk4AOWGex-cDVm7jV10,BQ008-O1 / L1009,Custom Logo Breathable Mesh Lace-Up Athletic Walking Shoes Thick Sole Casual Sneakers OEM ODM Private Label Model L1009,008,PRODUCT_VIDEO_MATCH,BQ008 Product and Factory Overview 43s,AAEBjmk4AOWGexucDVhQzksD
1601939628529,AAHZjmk4AOWGex-cDVm7jOYS,BQ008-R1 / L1009,Breathable Mesh Lace-Up Athletic Walking Shoes Thick Sole Casual Sneakers for Athletic Walking and Everyday Training Model L1009,008,PRODUCT_VIDEO_MATCH,BQ008 Product and Factory Overview 43s,AAEBjmk4AOWGexucDVhQzksD
1601939711161,AAFcjmk4AOWGex-cDVm7iiNa,BQ007-R1 / L0017,Knit Elastic Lace Slip-On Walking Shoes Breathable Lightweight Foam Sole Casual Sneakers Travel Commuting Daily Wear Model L0017,007,PRODUCT_VIDEO_MATCH,BQ007 Product and Factory Overview 43s,AAFQjmk4AOWGexucDVhQzh7_
1601939585913,AAG3jmk4AOWGex-cDVm7jDya,BQ007-W1 / L0017,Wholesale Knit Elastic Lace Slip-On Walking Shoes Breathable Lightweight Foam Sole Casual Sneakers All Seasons Factory Supply,007,PRODUCT_VIDEO_MATCH,BQ007 Product and Factory Overview 43s,AAFQjmk4AOWGexucDVhQzh7_
1601939660427,AAEjjmk4AOWGex-cDVm7jVlo,BQ006-W1 / M8811,Wholesale Breathable Knit Lace-Up Walking Shoes Lightweight Chunky EVA Sole Casual Sneakers Factory Supply Model M8811,006,PRODUCT_VIDEO_MATCH,BQ006 Product and Factory Overview 43s,AAFZjmk4AOWGexucDVhQziAG
1601939701201,AAEOjmk4AOWGex-cDVm7jfoy,BQ007-O1 / L0017,Custom Logo Knit Elastic Lace Slip-On Walking Shoes Lightweight Foam Sole Casual Sneakers OEM ODM Private Label Model L0017,007,PRODUCT_VIDEO_MATCH,BQ007 Product and Factory Overview 43s,AAFQjmk4AOWGexucDVhQzh7_
1601939655430,AAETjmk4AOWGex-cDVm7jUzl,BQ006-R1 / M8811,Breathable Knit Lace-Up Walking Shoes Chunky EVA Sole Sneakers for Daily Walking and Seasonal Collections Model M8811,006,PRODUCT_VIDEO_MATCH,BQ006 Product and Factory Overview 43s,AAFZjmk4AOWGexucDVhQziAG
1601939735063,AAHYjmk4AOWGex-cDVm7ioX0,BQ006-O1 / M8811,Custom Logo Breathable Knit Lace-Up Walking Shoes Lightweight Chunky EVA Sole Casual Sneakers OEM ODM Private Label Model M8811,006,PRODUCT_VIDEO_MATCH,BQ006 Product and Factory Overview 43s,AAFZjmk4AOWGexucDVhQziAG
1601939599850,AAFgjmk4AOWGex-cDVm7jHYJ,BQ005-W1 / A503,Wholesale Summer Hollow Knit Lace-Up Walking Shoes Breathable Lightweight Casual Sneakers EVA Sole Factory Supply Model A503,005,PRODUCT_VIDEO_MATCH,BQ005 Product and Factory Overview 43s,AAE5jmk4AOWGexucDVhQwb1W
1601939712176,AAFhjmk4AOWGex-cDVm7ii9T,BQ005-R1 / A503,Summer Hollow Knit Lace-Up Regular Fit Toe Walking Shoes Breathable Lightweight Casual Sneakers EVA Sole for Daily Walking A503,005,PRODUCT_VIDEO_MATCH,BQ005 Product and Factory Overview 43s,AAE5jmk4AOWGexucDVhQwb1W
1601939626612,AAHVjmk4AOWGex-cDVm7jN2X,BQ004-W1 / A502,Wholesale Lightweight Knit Lace-Up Walking Shoes Breathable Casual Sneakers EVA Sole Factory Supply Model A502,004,PRODUCT_VIDEO_MATCH,BQ004 Product and Factory Overview 43s,AAF2jmk4AOWGexucDVhQwdl3
1601939631570,AAH8jmk4AOWGex-cDVm7jOox,BQ005-O1 / A503,Custom Logo Summer Hollow Knit Lace-Up Walking Shoes Breathable Casual Sneakers EVA Sole OEM ODM Private Label Model A503,005,PRODUCT_VIDEO_MATCH,BQ005 Product and Factory Overview 43s,AAE5jmk4AOWGexucDVhQwb1W
1601939700200,AAHrjmk4AOWGex-cDVm7jf4L,BQ004-O1 / A502,Custom Logo Lightweight Knit Lace-Up Walking Shoes Breathable Casual Sneakers EVA Sole OEM ODM Private Label Model A502,004,PRODUCT_VIDEO_MATCH,BQ004 Product and Factory Overview 43s,AAF2jmk4AOWGexucDVhQwdl3
1601939738037,AAE_jmk4AOWGex-cDVm7iopW,BQ004-R1 / A502,Lightweight Knit Lace-Up Walking Shoes Breathable Casual Sneakers EVA Sole for Travel Commuting and Daily Wear Model A502,004,PRODUCT_VIDEO_MATCH,BQ004 Product and Factory Overview 43s,AAF2jmk4AOWGexucDVhQwdl3
1601939663432,AAH6jmk4AOWGex-cDVm7jW2r,BQ003-R1 / R1218,Breathable Knit Lace-Up Walking Shoes Lightweight EVA Sole Casual Sneakers for Summer Daily Walking and Casual Wear Model R1218,003,PRODUCT_VIDEO_MATCH,BQ003 Product and Factory Overview 43s,AAFFjmk4AOWGexucDVhQwc5R
1601939585904,AAGwjmk4AOWGex-cDVm7jDyT,BQ003-W1 / R1218,Wholesale Breathable Knit Lace-Up Walking Shoes Lightweight EVA Sole Casual Sneakers Factory Supply Model R1218,003,PRODUCT_VIDEO_MATCH,BQ003 Product and Factory Overview 43s,AAFFjmk4AOWGexucDVhQwc5R
1601939665367,AAEMjmk4AOWGex-cDVm7jXY0,BQ003-O1 / R1218,Custom Logo Breathable Knit Lace-Up Walking Shoes Lightweight EVA Sole Casual Sneakers OEM ODM Private Label Model R1218 All,003,PRODUCT_VIDEO_MATCH,BQ003 Product and Factory Overview 43s,AAFFjmk4AOWGexucDVhQwc5R
1601939654418,AAETjmk4AOWGex-cDVm7jUDx,BQ002-W1 / BQ002,Wholesale Lightweight Knit Slip-On Wide Toe Box Walking Shoes EVA Sole Factory Supply Model BQ002,002,GENERIC_FACTORY_VIDEO,Beiqiang Footwear Factory Overview 42s,AAHKjmk4AOWGexucDVhQwd_F
1601939614689,AAGPjmk4AOWGex-cDVm7jKwC,BQ002-R1 / BQ002,Lightweight Knit Slip-On Wide Toe Box Walking Shoes EVA Sole for Travel Commuting and Daily Walking Model BQ002,002,GENERIC_FACTORY_VIDEO,Beiqiang Footwear Factory Overview 42s,AAHKjmk4AOWGexucDVhQwd_F
1601939635505,AAGtjmk4AOWGex-cDVm7jPrS,BQ002-O1 / BQ002,Custom Logo Lightweight Knit Slip-On Wide Toe Box Walking Shoes EVA Sole OEM ODM Private Label Footwear Supplier Model BQ002,002,GENERIC_FACTORY_VIDEO,Beiqiang Footwear Factory Overview 42s,AAHKjmk4AOWGexucDVhQwd_F
1601939707196,AAHQjmk4AOWGex-cDVm7ihLf,BQ001-W1 / BQ001,Wholesale Breathable Knit Slip-On Wide Toe Box Walking Shoes Lightweight EVA Sole Factory Supply Model BQ001,001,GENERIC_FACTORY_VIDEO,Beiqiang Footwear Factory Overview 42s,AAHKjmk4AOWGexucDVhQwd_F
1601939727104,AAEmjmk4AOWGex-cDVm7imTj,BQ001-R1 / BQ001,Breathable Knit Slip-On Wide Toe Box Walking Shoes Lightweight EVA Sole for Travel Commuting and Daily Walking Model BQ001,001,GENERIC_FACTORY_VIDEO,Beiqiang Footwear Factory Overview 42s,AAHKjmk4AOWGexucDVhQwd_F
1601939572948,AAEnjmk4AOWGex-cDVm7jA83,BQ001-O1 / BQ001,Custom Logo Breathable Knit Slip-On Wide Toe Box Walking Shoes Lightweight EVA Sole OEM ODM Private Label Model BQ001,001,GENERIC_FACTORY_VIDEO,"Footwear Production Process | Making, Checking and Packing",AAGnjmk4AOWGexucDVhQxsS4
10000044021584,AAEWjmk4AOWGexecDTURlFCz,BQ-016,2026 New Kids Slip-On Walking Shoes 201 Solid Mesh Lining Spring Autumn Breathable Lightweight Chunky Sole Sneakers OEM ODM,,PRODUCT_VIDEO_MATCH,BQ016 Product and Factory Overview 43s,AAFQjmk4AOWGexucDVhQzkrT
10000047216427,AAEcjmk4AOWGexecDTURxRDI,BQ051 / K6689,Wholesale Model K6689 Breathable Light Weight Knit Slip-On Walking Shoes Rubber Sole Casual Sneakers EU 35-45,051,GENERIC_FACTORY_VIDEO,Beiqiang_Factory_Workflow_Tips_Vertical_20260828.mp4,AAG2jmk4AOWGexucDVhQxt2u
10000043991998,AAFXjmk4AOWGexecDTURl-Rd,BQ-022,2026 New Striped Knit Slip-On Walking Shoes Ribbed Upper Breathable Chunky Sole Sneakers Spring Autumn Mesh Lining OEM ODM,,PRODUCT_VIDEO_MATCH,BQ022 Product and Factory Overview 43s,AAF7jmk4AOWGexucDVhQzich
1601924732369,AAG5jmk4AOWGex-cDVm6oZIy,BQ038 / M889,Wholesale Knit Lace-Up Chunky Sole Walking Shoes EVA Cushion Casual Sneakers with Mesh Lining and Fleece Option,038,GENERIC_FACTORY_VIDEO,"Footwear Production Process | Making, Checking and Packing",AAGnjmk4AOWGexucDVhQxsS4
1601924347721,AAHVjmk4AOWGex-cDVm6p7Cq,BQ037 / H7116,Wholesale Knit Lace-Up Casual Shoes with Mesh Lining Rubber Toe Cap EVA Midsole & Outsole Fleece Option-Walking Sneakers,037,GENERIC_FACTORY_VIDEO,Beiqiang_Factory_Workflow_Tips_Vertical_20260828.mp4,AAG2jmk4AOWGexucDVhQxt2u
1601825160204,AAG2jmk4AOWGex-cDVm0vjvv,BQ-010,Wholesale Stretch Fabric Breathable Mesh Lining Low Top Lace-Up Walking Sneakers R1601 Toe Cap Lightweight Casual OEM ODM,,PRODUCT_VIDEO_MATCH,BQ010 Product and Factory Overview 43s,AAFejmk4AOWGexucDVhQzjD7
1601839073314,AAGpjmk4AOWGex-cDVm1io_B,BQ020 / A218,Wholesale Spring Summer Breathable Mesh Solid Color Hollow Knit Elastic Lace Slip-On Walking Shoes A218 Lightweight Casual,020,PRODUCT_VIDEO_MATCH,BQ020 Product and Factory Overview 43s,AAF9jmk4AOWGexucDVhQzigi
1601825021825,AAF4jmk4AOWGex-cDVm0sBhi,BQ-008,Wholesale Solid Spring Summer Breathable Mesh Athletic Walking Shoes L1009 Stretch Fabric Upper Thick Sole Lightweight Cushion,,GENERIC_FACTORY_VIDEO,"Footwear Production Process | Making, Checking and Packing",AAGnjmk4AOWGexucDVhQxsS4
10000047196608,AAE0jmk4AOWGexecDTURxM4j,BQ050 / A828,Wholesale Model A828 Breathable Light Weight Plastic Knit Lace-Up Casual Walking Shoes Regular Fit EU 35-45 OEM ODM,050,GENERIC_FACTORY_VIDEO,Beiqiang_Factory_Workflow_Tips_Vertical_20260828.mp4,AAG2jmk4AOWGexucDVhQxt2u
10000047127570,AAHyjmk4AOWGexecDTURx7vx,BQ041 / 202,Wholesale Model BQ041/202 Kids Knit Slip-On Walking Shoes Casual Sneakers EU 31-40 OEM ODM Made in China,041,GENERIC_FACTORY_VIDEO,"Footwear Production Process | Making, Checking and Packing",AAGnjmk4AOWGexucDVhQxsS4
1601839050756,AAH3jmk4AOWGex-cDVm1ijfn,BQ030 / A811,Wholesale Kids Knit Textile Lace-Up Walking Shoes A811 EU 31-40 OEM ODM Light Weight Anti-Slip Comfort Mesh Solid Spring Autumn,030,GENERIC_FACTORY_VIDEO,Beiqiang_Factory_Workflow_Tips_Vertical_20260828.mp4,AAG2jmk4AOWGexucDVhQxt2u
10000047175212,AAEDjmk4AOWGexecDTURxHHP,BQ043 / 8008,Wholesale Model 8008 Knit Lace-Up Round Toe Chunky Sole EVA Midsole Walking Shoes Regular Fit EU 35-45 OEM ODM,043,GENERIC_FACTORY_VIDEO,Beiqiang_Factory_Workflow_Tips_Vertical_20260828.mp4,AAG2jmk4AOWGexucDVhQxt2u
10000044034049,AAGEjmk4AOWGexecDTURlI_i,BQ-017,2026 New Quilted Knit Lace-Up Walking Shoes A008 Solid Mesh Lining Breathable Chunky Sole Spring OEM ODM,,PRODUCT_VIDEO_MATCH,BQ017 Product and Factory Overview 43s,AAEpjmk4AOWGexucDVhQzidP
1601924792152,AAG1jmk4AOWGex-cDVm6rni7,BQ040 / 1689,Wholesale Knit Slip-On Walking Shoes Mesh Lining MD Foam Segmented Sole Lightweight Casual Sneakers for Men,040,GENERIC_FACTORY_VIDEO,Beiqiang_Factory_Workflow_Tips_Vertical_20260828.mp4,AAG2jmk4AOWGexucDVhQxt2u
1601838963947,AAG-jmk4AOWGex-cDVm1jNsI,BQ-021,2026 New All Black Slip-On Knit Walking Shoes BQ-021 Honeycomb Mesh Breathable Wave Sole Lightweight Sneakers OEM Spring/Autumn,,PRODUCT_VIDEO_MATCH,BQ021 Product and Factory Overview 43s,AAE4jmk4AOWGexucDVhQzide
11000037600317,AAHjjmk4AOWGexScDSxl02ve,BQ034 / T5505,Wholesale Knit Slip-On Walking Shoes Breathable Mesh Lining Solid Lightweight EVA Sole Casual Shoes for Spring Autumn Men Women,034,GENERIC_FACTORY_VIDEO,"Footwear Production Process | Making, Checking and Packing",AAGnjmk4AOWGexucDVhQxsS4
10000043725883,AAG1jmk4AOWGexecDTURi9PY,BQ-011,Wholesale Men Knit Slip-On Walking Shoes Lightweight Breathable Anti-Slip Spring/Autumn Mesh Lining Casual Sneakers OEM ODM,,PRODUCT_VIDEO_MATCH,BQ011 Product and Factory Overview 43s,AAFijmk4AOWGexucDVhQzkrl
10000046705043,AAF6jmk4AOWGexecDTURvU5w,BQ-035 / A001,Wholesale Men's Knit Backless Slip-On Mule Shoes Breathable Anti-Slip Mesh Lining Lightweight Casual Walking Clogs Spring Autumn,,GENERIC_FACTORY_VIDEO,Beiqiang_Factory_Workflow_Tips_Vertical_20260828.mp4,AAG2jmk4AOWGexucDVhQxt2u
10000047198577,AAGrjmk4AOWGexecDTURxNaS,BQ048 / A212,Wholesale Model A212 Light Weight Breathable Knit Slip-On Walking Shoes with Plastic Outsole and Fleece Option EU 35-45,048,GENERIC_FACTORY_VIDEO,Beiqiang_Factory_Workflow_Tips_Vertical_20260828.mp4,AAG2jmk4AOWGexucDVhQxt2u
1601839105416,AAFHjmk4AOWGex-cDVm1iwJr,BQ028 / 7212,Wholesale Light Weight Breathable Knit Textile Slip-On Biscuit Sole Casual Shoes Spring Autumn 7212 EU 35-45 OEM ODM,028,PRODUCT_VIDEO_MATCH,BQ028 Product and Factory Overview 43s,AAEAjmk4AOWGexucDVhQzkqD
1601924292931,AAEAjmk4AOWGex-cDVm6puag,BQ036 / 8025,Wholesale High Top Knit Sock Sneakers Slip-On EVA Sole Mesh Lining Casual Walking Shoes for Men and Women,036,GENERIC_FACTORY_VIDEO,Beiqiang_Factory_Workflow_Tips_Vertical_20260828.mp4,AAG2jmk4AOWGexucDVhQxt2u
1601924345456,AAG3jmk4AOWGex-cDVm6p6mT,BQ033 / T5503,Wholesale Breathable Knit Lace-Up Casual Walking Shoes Lightweight Spring Autumn Summer Sneakers for Men and Women,033,GENERIC_FACTORY_VIDEO,"Footwear Production Process | Making, Checking and Packing",AAGnjmk4AOWGexucDVhQxsS4
10000047221334,AAEmjmk4AOWGexecDTURxS21,BQ044 / 811,Wholesale Model 811 Breathable Light Weight Knit Lace-Up Casual Walking Shoes Rubber-Plastic Sole EU 35-45,044,GENERIC_FACTORY_VIDEO,"Footwear Production Process | Making, Checking and Packing",AAGnjmk4AOWGexucDVhQxsS4
10000044041008,AAGKjmk4AOWGexecDTURlKTT,BQ-019,2026 New Solid Spring Autumn Breathable Knit Lace-Up Walking Shoes Honeycomb Mesh Chunky Cloud Sole Sneakers OEM ODM,,PRODUCT_VIDEO_MATCH,BQ019 Product and Factory Overview 43s,AAEvjmk4AOWGexucDVhQzidV
1601924755368,AAEojmk4AOWGex-cDVm6oehL,BQ039 / 155,Wholesale High Top Round Toe Knit Sock Sneakers Slip-On Foamed Midsole Segmented Sole Casual Shoes for Men and Women,039,GENERIC_FACTORY_VIDEO,"Footwear Production Process | Making, Checking and Packing",AAGnjmk4AOWGexucDVhQxsS4
10000044011929,AAFDjmk4AOWGexecDTURlDZ6,BQ026 / T5828,Wholesale Solid Light Weight Anti-Slip Comfort Lace-Up Walking Shoes T5828 Spring Autumn Casual Shoes OEM ODM,026,PRODUCT_VIDEO_MATCH,BQ026 Product and Factory Overview 43s,AAH7jmk4AOWGexucDVhQzjCY
1601839062659,AAESjmk4AOWGex-cDVm1illg,BQ029 / A025,Wholesale High Top Knit Textile Slip-On Walking Shoes Breathable Anti-Slip Comfort Spring Autumn A025 EU 35-45 OEM ODM,029,GENERIC_FACTORY_VIDEO,Beiqiang_Factory_Workflow_Tips_Vertical_20260828.mp4,AAG2jmk4AOWGexucDVhQxt2u
10000046439033,AAEHjmk4AOWGexecDTURsT2a,BQ031 / ZX2116,Wholesale Breathable Comfort Spring/Autumn Mesh Wide Toe Box Knit Lace-Up Walking Shoes ZX2116 Large Size EU 38-47 OEM ODM,031,GENERIC_FACTORY_VIDEO,Beiqiang_Factory_Workflow_Tips_Vertical_20260828.mp4,AAG2jmk4AOWGexucDVhQxt2u
10000046653813,AAHXjmk4AOWGexecDTURvIaW,BQ032 / ZX2212,Wholesale Light Weight Breathable Regular Fit Knit Lace-Up Casual Walking Shoes ZX2212 Spring Autumn Large Size EU 38-47 OEM ODM,032,GENERIC_FACTORY_VIDEO,"Footwear Production Process | Making, Checking and Packing",AAGnjmk4AOWGexucDVhQxsS4
1601814931739,AAENjmk4AOWGex-cDVmzGi74,BQ006 / M8811,Wholesale Summer Autumn Breathable Anti-Slip Knit Lace-Up Walking Shoes M8811 Thick EVA Sole Lightweight Casual Sneakers OEM ODM,006,PRODUCT_VIDEO_MATCH,BQ006 Product and Factory Overview 43s,AAFZjmk4AOWGexucDVhQziAG
10000043763325,AAEGjmk4AOWGexecDTURiGGe,BQ-013,2026 New Soft Knit Slip-On Walking Shoes Lightweight Breathable Mesh Spring/Autumn Anti-Slip Solid Color Casual Sneakers OEM ODM,,PRODUCT_VIDEO_MATCH,BQ013 Product and Factory Overview 43s,AAHyjmk4AOWGexucDVhQziiX
10000047220568,AAEfjmk4AOWGexecDTURxSC7,BQ049 / A230,Wholesale Model A230 Knit Lace-Up Breathable Walking Shoes Lightweight Plastic Outsole Casual Sneakers for Men and Women,049,GENERIC_FACTORY_VIDEO,Beiqiang_Factory_Workflow_Tips_Vertical_20260828.mp4,AAG2jmk4AOWGexucDVhQxt2u
10000043732626,AAFkjmk4AOWGexecDTURi-lx,BQ-014,2026 New Slip-On Knit Walking Shoes A507 Stretch Fabric Breathable Mesh Solid Spring Chunky EVA Sole Casual Sneakers OEM ODM,,GENERIC_FACTORY_VIDEO,"Footwear Production Process | Making, Checking and Packing",AAGnjmk4AOWGexucDVhQxsS4
10000044007878,AAFejmk4AOWGexecDTURlCYl,BQ-018,2026 New Breathable Mesh Knit Walking Shoes Elastic Lace Chunky Cloud Sole Lavender Sneakers OEM ODM Spring Autumn,,GENERIC_FACTORY_VIDEO,"Footwear Production Process | Making, Checking and Packing",AAGnjmk4AOWGexucDVhQxsS4
1601815020244,AAEkjmk4AOWGex-cDVmzG4U3,BQ005 / A503,Wholesale Spring Autumn Hollow Knit Lace-Up Walking Mesh Lining Breathable Lightweight Casual Sneakers A503 OEM ODM,005,PRODUCT_VIDEO_MATCH,BQ005 Product and Factory Overview 43s,AAE5jmk4AOWGexucDVhQwb1W
10000047187673,AAEejmk4AOWGexecDTURxKE6,BQ046 / A155,Wholesale Model A155 High Top Knit Slip-On Sock Sneakers Breathable Light Weight Plastic Outsole for Men and Women EU 35-45,046,GENERIC_FACTORY_VIDEO,Beiqiang_Factory_Workflow_Tips_Vertical_20260828.mp4,AAG2jmk4AOWGexucDVhQxt2u
10000047201716,AAF0jmk4AOWGexecDTURxNpX,BQ052 / 9212,Wholesale Model 9212 Breathable Light Weight Knit Lace-Up Bubble Sole Casual Walking Shoes Regular Fit EU 38-47 OEM ODM,052,GENERIC_FACTORY_VIDEO,"Footwear Production Process | Making, Checking and Packing",AAGnjmk4AOWGexucDVhQxsS4
10000044041031,AAHbjmk4AOWGexecDTURlKSk,BQ024 / A830,Wholesale Light Weight Anti-Slip Knit Textile Slip-On Walking Shoes A830 Mesh Lining Spring/Autumn Casual Shoes EU 37-45 OEM ODM,024,GENERIC_FACTORY_VIDEO,Beiqiang_Factory_Workflow_Tips_Vertical_20260828.mp4,AAG2jmk4AOWGexucDVhQxt2u
10000043744505,AAE8jmk4AOWGexecDTURiBsa,BQ-012,Wholesale Breathable Knit Chunky Walking Shoes M8506 Lightweight Cushion Midsole Mesh Solid Spring Autumn Casual Sneakers OEM,,PRODUCT_VIDEO_MATCH,BQ012 Product and Factory Overview 43s,AAHujmk4AOWGexucDVhQziiT
10000047392343,AAG3jmk4AOWGexecDTURw8G0,BQ059 / A1888,Wholesale Model A1888 High Top Knit Sock Sneakers Slip-On Cushion Sole Casual Walking Shoes EU 35-45,059,GENERIC_FACTORY_VIDEO,Beiqiang_Factory_Workflow_Tips_Vertical_20260828.mp4,AAG2jmk4AOWGexucDVhQxt2u
10000047208726,AAE2jmk4AOWGexecDTURxP71,BQ047 / A189,Wholesale Model A189 Men's High Top Knit Slip-On Shoes Breathable Light Weight Plastic EVA Blend Sole Casual Sock Sneakers,047,GENERIC_FACTORY_VIDEO,Beiqiang_Factory_Workflow_Tips_Vertical_20260828.mp4,AAG2jmk4AOWGexucDVhQxt2u
10000047396313,AAFOjmk4AOWGexecDTURw9I6,BQ060 / A350,Wholesale Model A350 Knit Lace-Up Casual Walking Shoes Lightweight Rubber-Plastic Sole Sneakers EU 35-45,060,GENERIC_FACTORY_VIDEO,Beiqiang_Factory_Workflow_Tips_Vertical_20260828.mp4,AAG2jmk4AOWGexucDVhQxt2u
10000047356491,AAEnjmk4AOWGexecDTURwz2o,BQ061 / AA811,Wholesale Model AA811 Breathable Knit Lace-Up Walking Shoes Lightweight Cushion Sole Casual Sneakers EU 35-45,061,GENERIC_FACTORY_VIDEO,"Footwear Production Process | Making, Checking and Packing",AAGnjmk4AOWGexucDVhQxsS4
10000047307924,AAEzjmk4AOWGexecDTURwnt3,BQ053 / 1888,Wholesale Model 1888 High Top Knit Sock Sneakers PU Segmented Sole Casual Shoes with Fleece Option,053,GENERIC_FACTORY_VIDEO,Beiqiang_Factory_Workflow_Tips_Vertical_20260828.mp4,AAG2jmk4AOWGexucDVhQxt2u
10000043200726,AAEOjmk4AOWGexecDTURg9c1,BQ003 / R1218,Wholesale Breathable Knit Lace-Up Walking Shoes R1218 Lightweight EVA Sole Casual Sneakers OEM ODM,003,PRODUCT_VIDEO_MATCH,BQ003 Product and Factory Overview 43s,AAFFjmk4AOWGexucDVhQwc5R
10000047166193,AAEqjmk4AOWGexecDTURxFUS,BQ042 / 206,Wholesale Model 206 Knit Lace-Up Walking Shoes Regular Fit Casual Sneakers EU 35-45 OEM ODM,042,GENERIC_FACTORY_VIDEO,"Footwear Production Process | Making, Checking and Packing",AAGnjmk4AOWGexucDVhQxsS4
10000044024484,AAE_jmk4AOWGexecDTURlGVH,BQ025 / A1689,Wholesale Low Cut Knit Textile Slip-On Walking Shoes A1689 Casual Shoes EU 35-45 OEM ODM,025,PRODUCT_VIDEO_MATCH,BQ025 Product and Factory Overview 43s,AAEJjmk4AOWGexucDVhQzigu
10000044004948,AAHbjmk4AOWGexecDTURlBG3,BQ023 / A505,Wholesale Soft Knit Slip-On Walking Shoes A505 Breathable Thick Sole Casual Sneakers OEM ODM,023,PRODUCT_VIDEO_MATCH,BQ023 Product and Factory Overview 43s,AAEBjmk4AOWGexucDVhQzicn
10000044028277,AAGfjmk4AOWGexecDTURlHaW,BQ027 / K6116,Wholesale Knit Textile Lace Detail Casual Walking Shoes K6116 OEM ODM,027,PRODUCT_VIDEO_MATCH,BQ027 Product and Factory Overview 43s,AAHljmk4AOWGexucDVhQzlPf
1601825070472,AAFDjmk4AOWGex-cDVm0sNpr,BQ-007,Wholesale Slip-On Knit Walking Shoes L0017 Breathable Cushioned Lightweight Casual Sneakers OEM ODM,,GENERIC_FACTORY_VIDEO,"Footwear Production Process | Making, Checking and Packing",AAGnjmk4AOWGexucDVhQxsS4
1601825074604,AAE3jmk4AOWGex-cDVm0sOpP,BQ-009,Wholesale Breathable Mesh Athletic Walking Shoes L1026 Thick Sole Lightweight Casual Sneakers OEM ODM,,PRODUCT_VIDEO_MATCH,BQ009 Product and Factory Overview 43s,AAFejmk4AOWGexucDVhQzkrh
10000043201799,AAG4jmk4AOWGexecDTURg9Lk,BQ-004,Wholesale Slip-On Knit Walking Shoes A502 Lightweight Flexible Breathable Casual Loafers OEM ODM,,PRODUCT_VIDEO_MATCH,BQ004 Product and Factory Overview 43s,AAF2jmk4AOWGexucDVhQwdl3
10000042896165,AAH4jmk4AOWGexecDTURhyzG,BQ-002,Wholesale Extra Wide Toe Box Walking Shoes Stretch Knit Breathable Lightweight Comfort Sneakers OEM ODM,,GENERIC_FACTORY_VIDEO,Beiqiang_Factory_Workflow_Tips_Vertical_20260828.mp4,AAG2jmk4AOWGexucDVhQxt2u
10000042821848,AAFPjmk4AOWGexecDTURhg87,BQ-001,Wholesale Men Wide Toe Box Slip-On Walking Shoes Breathable Stretch Knit Lightweight Casual Sneakers OEM ODM,,GENERIC_FACTORY_VIDEO,Beiqiang Footwear Factory Overview 42s,AAHKjmk4AOWGexucDVhQwd_F
