productId,encryptedProductId,apiReadOk,apiReadError,title,modelNumber,categoryId,categoryName,status,display,mainImageCount,skuColorCount,skuColors,skuSizeCount,skuSizes,skuTotalCount,detailType,productDetailImageCount,companyImageCount,video,fobMinPrice,fobMaxPrice,currency,moq,unit,leadTime100Pairs,package,badUrlCount,badUrls,url,gmtModified
1601939651515,AAF2jmk4AOWGex-cDVm7jTxY,True,,Wholesale Regular Fit Knit Lace-Up Casual Walking Shoes Large Size Factory Supply Model ZX2212,BQ032-W1 / ZX2212,201334413,,approved,Y,6,6,White | Grey | Apricot | Blue | All Black | Black/White,10,43 | 42 | 45 | 44 | 47 | 46 | 39 | 38 | 41 | 40,60,STRUCTURED,4,5,not returned by product.list/get,9.09,9.49,USD,2,Pair,31,not returned by product.list/get,0,,https://www.alibaba.com/product-detail/Wholesale-Regular-Fit-Knit-Lace-Up_1601939651515.html,2026-09-04 23:44:45
12000003229472,AAHcjmk4AOWGexScDcS3aADD,True,,OEM Breathable Mesh Chunky Walking Shoes Lightweight Cushioned Lace-Up Casual Sneakers EU 36-45,DZ14546082-A,201334413,Breathable Lace-Up Walking Shoes,modified,N,6,3,Black Dark Gray | Cool Gray Black | Ivory Navy,10,45 | 42 | 41 | 44 | 43 | 38 | 37 | 40 | 39 | 36,30,STRUCTURED,4,5,not returned by product.list/get,9.09,9.49,USD,2,Pair,31,not returned by product.list/get,0,,https://www.alibaba.com/product-detail/OEM-Breathable-Mesh-Chunky-Walking-Shoes_12000003229472.html,2026-09-05 00:43:38
1601939751023,AAGyjmk4AOWGex-cDVm7iseM,True,,Regular Fit Knit Lace-Up Casual Walking Shoes Large Size for Large Size Daily Walking and Casual Wear Model ZX2212,BQ032-R1 / ZX2212,201334413,,approved,Y,6,6,Grey | White | Blue | Apricot | All Black | Black/White,10,43 | 44 | 45 | 46 | 39 | 40 | 41 | 42 | 47 | 38,60,STRUCTURED,4,5,not returned by product.list/get,9.13,9.53,USD,2,Pair,31,not returned by product.list/get,0,,https://www.alibaba.com/product-detail/Regular-Fit-Knit-Lace-Up-Casual_1601939751023.html,2026-09-05 00:05:45
1601939722196,AAFejmk4AOWGex-cDVm7ikg3,True,,Custom Logo Regular Fit Knit Lace-Up Casual Walking Shoes Large Size OEM ODM Private Label Footwear Supplier Model ZX2212,BQ032-O1 / ZX2212,201334413,,approved,Y,6,6,White | Apricot | Blue | All Black | Black/White | Grey,10,44 | 45 | 42 | 43 | 40 | 41 | 38 | 39 | 46 | 47,60,STRUCTURED,4,5,not returned by product.list/get,9.05,9.45,USD,2,Pair,31,not returned by product.list/get,0,,https://www.alibaba.com/product-detail/Custom-Logo-Regular-Fit-Knit-Lace_1601939722196.html,2026-09-05 00:01:01
1601939693331,AAGqjmk4AOWGex-cDVm7jdjw,False,"{""returncode"": 2, ""response_error"": {""type"": ""ISV"", ""code"": ""ApiCallLimit"", ""msg"": ""Api access frequency exceeds the limit. this ban will last 1 seconds"", ""request_id"": ""213c933517885404757567605"", ""_trace_id_"": ""210141f717885404756223678e0bf7""}, ""_stderr_tail"": """", ""_stdout_tail"": ""{\n  \""error_response\"": {\n    \""type\"": \""ISV\"",\n    \""code\"": \""ApiCallLimit\"",\n    \""msg\"": \""Api access frequency exceeds the limit. this ban will last 1 seconds\"",\n    \""request_id\"": \""213c933517885404757567605\"",\n    \""_trace_id_\"": \""210141f717885404756223678e0bf7\""\n  }\n}\n""}",Wholesale Wide Toe Box Knit Lace-Up Walking Shoes Large Size Factory Supply Model ZX2116,BQ031-W1 / ZX2116,,,approved,Y,,,,,,,UNRESOLVED,,,not returned by product.list/get,,,,,,,not returned by product.list/get,,,https://www.alibaba.com/product-detail/Wholesale-Wide-Toe-Box-Knit-Lace_1601939693331.html,
1601939667426,AAFhjmk4AOWGex-cDVm7jX4B,True,,Wide Toe Box Knit Lace-Up Walking Shoes Large Size for Wide Fit Daily Walking Model ZX2116,BQ031-R1 / ZX2116,201334413,,approved,Y,6,5,Grey/White | Black/White | All Black | Green/White | Off White,10,42 | 43 | 40 | 41 | 38 | 39 | 46 | 47 | 44 | 45,50,STRUCTURED,4,5,not returned by product.list/get,9.13,9.53,USD,2,Pair,31,not returned by product.list/get,0,,https://www.alibaba.com/product-detail/Wide-Toe-Box-Knit-Lace-Up_1601939667426.html,2026-09-04 23:46:57
1601939672381,AAHKjmk4AOWGex-cDVm7jYre,True,,Wholesale Kids Knit Lace-Up Walking Shoes Factory Supply Model A811,BQ030-W1 / A811,201334413,,approved,Y,6,4,Green | Grey | Purple | Pink,10,40 | 38 | 39 | 36 | 37 | 34 | 35 | 32 | 33 | 31,40,STRUCTURED,4,5,not returned by product.list/get,9.09,9.49,USD,2,Pair,31,not returned by product.list/get,0,,https://www.alibaba.com/product-detail/Wholesale-Kids-Knit-Lace-Up-Walking_1601939672381.html,2026-09-04 23:52:40
1601939754004,AAGhjmk4AOWGex-cDVm7isv3,True,,Custom Logo Wide Toe Box Knit Lace-Up Walking Shoes Large Size OEM ODM Private Label Footwear Supplier Model ZX2116,BQ031-O1 / ZX2116,201334413,,approved,Y,6,5,Black/White | All Black | Green/White | Off White | Grey/White,10,44 | 43 | 42 | 41 | 40 | 39 | 38 | 47 | 46 | 45,50,STRUCTURED,4,5,not returned by product.list/get,9.05,9.45,USD,2,Pair,31,not returned by product.list/get,0,,https://www.alibaba.com/product-detail/Custom-Logo-Wide-Toe-Box-Knit_1601939754004.html,2026-09-05 00:06:18
1601939679363,AAHxjmk4AOWGex-cDVm7ja9g,True,,Kids Breathable Light Weight Knit Lace-Up Walking Shoes for School and Daily Use Model A811,BQ030-R1 / A811,201334413,,approved,Y,6,4,Green | Grey | Purple | Pink,10,38 | 39 | 40 | 34 | 35 | 36 | 37 | 31 | 32 | 33,40,STRUCTURED,4,5,not returned by product.list/get,9.13,9.53,USD,2,Pair,31,not returned by product.list/get,0,,https://www.alibaba.com/product-detail/Kids-Breathable-Light-Weight-Knit-Lace_1601939679363.html,2026-09-04 23:53:10
1601939615744,AAH7jmk4AOWGex-cDVm7jLfj,True,,Custom Logo Kids Knit Lace-Up Walking Shoes OEM ODM Private Label Footwear Supplier Model A811,BQ030-O1 / A811,201334413,,approved,Y,6,4,Green | Grey | Purple | Pink,10,39 | 40 | 37 | 38 | 35 | 36 | 33 | 34 | 31 | 32,40,STRUCTURED,4,5,not returned by product.list/get,9.05,9.45,USD,2,Pair,31,not returned by product.list/get,0,,https://www.alibaba.com/product-detail/Custom-Logo-Kids-Knit-Lace-Up_1601939615744.html,2026-09-04 23:41:35
1601939607770,AAExjmk4AOWGex-cDVm7jJc5,True,,High Top Knit Slip-On Breathable Light Weight Walking Shoes for Autumn Winter Casual Model A025,BQ029-R1 / A025,201334413,,approved,Y,6,2,Black White | All Black,11,45 | 35 | 43 | 44 | 41 | 42 | 39 | 40 | 37 | 38 | 36,22,STRUCTURED,4,5,not returned by product.list/get,9.13,9.53,USD,2,Pair,31,not returned by product.list/get,0,,https://www.alibaba.com/product-detail/High-Top-Knit-Slip-On-Breathable_1601939607770.html,2026-09-04 23:40:17
1601939749045,AAH0jmk4AOWGex-cDVm7ir9W,True,,Wholesale High Top Knit Slip-On Walking Shoes Factory Supply Model A025,BQ029-W1 / A025,201334413,,approved,Y,6,2,All Black | Black White,11,42 | 43 | 44 | 45 | 38 | 39 | 40 | 41 | 35 | 36 | 37,22,STRUCTURED,4,5,not returned by product.list/get,9.09,9.49,USD,2,Pair,31,not returned by product.list/get,0,,https://www.alibaba.com/product-detail/Wholesale-High-Top-Knit-Slip-On_1601939749045.html,2026-09-05 00:04:52
1601939721228,AAEZjmk4AOWGex-cDVm7ikvv,True,,Custom Logo High Top Knit Slip-On Walking Shoes OEM ODM Private Label Footwear Supplier Model A025,BQ029-O1 / A025,201334413,,approved,Y,6,2,Black White | All Black,11,42 | 43 | 40 | 41 | 38 | 39 | 36 | 37 | 35 | 45 | 44,22,STRUCTURED,4,5,not returned by product.list/get,9.05,9.45,USD,2,Pair,31,not returned by product.list/get,0,,https://www.alibaba.com/product-detail/Custom-Logo-High-Top-Knit-Slip_1601939721228.html,2026-09-05 00:00:25
1601939720204,AAEdjmk4AOWGex-cDVm7ik_v,True,,Wholesale Knit Slip-On Biscuit Sole Casual Walking Shoes Factory Supply Model BISCUIT,BQ028-W1 / BISCUIT,201334413,,approved,Y,6,5,Blue | Grey | Black White | White | Apricot,11,45 | 43 | 42 | 44 | 39 | 38 | 41 | 40 | 35 | 37 | 36,55,STRUCTURED,4,5,not returned by product.list/get,9.09,9.49,USD,2,Pair,31,not returned by product.list/get,0,,https://www.alibaba.com/product-detail/Wholesale-Knit-Slip-On-Biscuit-Sole_1601939720204.html,2026-09-04 23:59:46
1601939625627,AAEqjmk4AOWGex-cDVm7jNF4,True,,Knit Slip-On Biscuit Sole Casual Walking Shoes for Travel Commuting and Daily Wear Model BISCUIT,BQ028-R1 / BISCUIT,201334413,,approved,Y,6,5,Blue | Grey | Black White | White | Apricot,11,42 | 43 | 44 | 45 | 38 | 39 | 40 | 41 | 35 | 36 | 37,55,STRUCTURED,4,5,not returned by product.list/get,9.13,9.53,USD,2,Pair,31,not returned by product.list/get,0,,https://www.alibaba.com/product-detail/Knit-Slip-On-Biscuit-Sole-Casual_1601939625627.html,2026-09-04 23:42:45
1601939705262,AAE2jmk4AOWGex-cDVm7igpN,True,,Custom Logo Knit Slip-On Biscuit Sole Casual Walking Shoes OEM ODM Private Label Footwear Supplier Model BISCUIT,BQ028-O1 / BISCUIT,201334413,,approved,Y,6,5,Black White | White | Apricot | Grey | Blue,11,45 | 44 | 43 | 42 | 41 | 40 | 39 | 38 | 37 | 36 | 35,55,STRUCTURED,4,5,not returned by product.list/get,9.05,9.45,USD,2,Pair,31,not returned by product.list/get,0,,https://www.alibaba.com/product-detail/Custom-Logo-Knit-Slip-On-Biscuit_1601939705262.html,2026-09-04 23:57:01
1601939616762,AAGujmk4AOWGex-cDVm7jLQZ,True,,Wholesale Knit Lace Detail Casual Walking Shoes Factory Supply Model K6116,BQ027-W1 / K6116,201334413,,approved,Y,6,4,Cream | Grey | Black White | Black,11,36 | 35 | 38 | 37 | 43 | 42 | 45 | 44 | 39 | 41 | 40,44,STRUCTURED,4,5,not returned by product.list/get,9.09,9.49,USD,2,Pair,31,not returned by product.list/get,0,,https://www.alibaba.com/product-detail/Wholesale-Knit-Lace-Detail-Casual-Walking_1601939616762.html,2026-09-04 23:42:08
1601939692338,AAGPjmk4AOWGex-cDVm7jdzR,True,,Knit Lace Detail Casual Walking Shoes for Daily Walking and Casual Wear Model K6116,BQ027-R1 / K6116,201334413,,approved,Y,6,4,Grey | Black White | Black | Cream,11,43 | 44 | 45 | 39 | 40 | 41 | 42 | 35 | 36 | 37 | 38,44,STRUCTURED,4,5,not returned by product.list/get,9.13,9.53,USD,2,Pair,31,not returned by product.list/get,0,,https://www.alibaba.com/product-detail/Knit-Lace-Detail-Casual-Walking-Shoes_1601939692338.html,2026-09-04 23:47:57
1601939703288,AAH8jmk4AOWGex-cDVm7igIb,True,,Custom Logo Knit Lace Detail Casual Walking Shoes OEM ODM Private Label Footwear Supplier Model K6116,BQ027-O1 / K6116,201334413,,approved,Y,6,4,Grey | Black White | Black | Cream,11,45 | 43 | 44 | 41 | 42 | 39 | 40 | 37 | 38 | 35 | 36,44,STRUCTURED,4,5,not returned by product.list/get,9.05,9.45,USD,2,Pair,31,not returned by product.list/get,0,,https://www.alibaba.com/product-detail/Custom-Logo-Knit-Lace-Detail-Casual_1601939703288.html,2026-09-04 23:56:50
1601939745065,AAHXjmk4AOWGex-cDVm7iq7K,True,,Wholesale Knit Lace-Up Walking Shoes Casual Shoes Factory Supply Model T5828,BQ026-W1 / T5828,201334413,,approved,Y,6,5,Pink | White | Black | Red | Grey,11,45 | 44 | 43 | 42 | 41 | 40 | 39 | 38 | 37 | 36 | 35,55,STRUCTURED,4,5,not returned by product.list/get,9.09,9.49,USD,2,Pair,31,not returned by product.list/get,0,,https://www.alibaba.com/product-detail/Wholesale-Knit-Lace-Up-Walking-Shoes_1601939745065.html,2026-09-05 00:04:37
1601939714238,AAFzjmk4AOWGex-cDVm7ijdd,True,,Custom Logo Knit Lace-Up Walking Shoes Casual Shoes OEM ODM Private Label Footwear Supplier Model T5828,BQ026-O1 / T5828,201334413,,approved,Y,6,5,Red | Grey | White | Black | Pink,11,38 | 37 | 36 | 35 | 45 | 44 | 43 | 42 | 41 | 40 | 39,55,STRUCTURED,4,5,not returned by product.list/get,9.05,9.45,USD,2,Pair,31,not returned by product.list/get,0,,https://www.alibaba.com/product-detail/Custom-Logo-Knit-Lace-Up-Walking_1601939714238.html,2026-09-04 23:59:26
1601939725201,AAEtjmk4AOWGex-cDVm7ilxy,True,,Knit Lace-Up Walking Shoes Casual Shoes for Daily Walking and Casual Wear Model T5828,BQ026-R1 / T5828,201334413,,approved,Y,6,5,White | Black | Pink | Red | Grey,11,36 | 35 | 45 | 44 | 43 | 42 | 41 | 40 | 39 | 38 | 37,55,STRUCTURED,4,5,not returned by product.list/get,9.13,9.53,USD,2,Pair,31,not returned by product.list/get,0,,https://www.alibaba.com/product-detail/Knit-Lace-Up-Walking-Shoes-Casual_1601939725201.html,2026-09-05 00:01:09
1601939751016,AAGxjmk4AOWGex-cDVm7iseL,True,,Low Cut Knit Slip-On Walking Shoes Casual Shoes for Travel Commuting and Daily Wear Model A1689,BQ025-R1 / A1689,201334413,,approved,Y,6,3,Black White | Light Grey | All Black,11,44 | 43 | 42 | 41 | 40 | 39 | 38 | 37 | 36 | 35 | 45,33,STRUCTURED,4,5,not returned by product.list/get,9.13,9.53,USD,2,Pair,31,not returned by product.list/get,0,,https://www.alibaba.com/product-detail/Low-Cut-Knit-Slip-On-Walking_1601939751016.html,2026-09-05 00:05:05
1601939612707,AAHEjmk4AOWGex-cDVm7jKPA,True,,Wholesale Breathable Light Weight Low Cut Knit Slip-On Walking Shoes EVA Midsole Casual Factory Supply Model A1689,BQ025-W1 / A1689,201334413,,approved,Y,6,3,All Black | Black White | Light Grey,11,45 | 44 | 43 | 42 | 41 | 40 | 39 | 38 | 37 | 36 | 35,33,STRUCTURED,4,5,not returned by product.list/get,9.09,9.49,USD,2,Pair,31,not returned by product.list/get,0,,https://www.alibaba.com/product-detail/Wholesale-Breathable-Light-Weight-Low-Cut_1601939612707.html,2026-09-04 23:41:06
1601939691342,AAHfjmk4AOWGex-cDVm7jdCt,True,,Wholesale Knit Slip-On Walking Shoes Casual Shoes Factory Supply Model A830,BQ024-W1 / A830,201334413,,approved,Y,6,4,All Black | Yellow Sole | Light Grey | Dark Grey,9,44 | 45 | 42 | 43 | 40 | 41 | 38 | 39 | 37,36,STRUCTURED,4,5,not returned by product.list/get,9.09,9.49,USD,2,Pair,31,not returned by product.list/get,0,,https://www.alibaba.com/product-detail/Wholesale-Knit-Slip-On-Walking-Shoes_1601939691342.html,2026-09-04 23:55:03
1601939733108,AAHzjmk4AOWGex-cDVm7in2X,True,,Custom Logo Low Cut Knit Slip-On Walking Shoes Casual Shoes OEM ODM Private Label Footwear Supplier Model A1689,BQ025-O1 / A1689,201334413,,approved,Y,6,3,All Black | Black White | Light Grey,11,45 | 41 | 42 | 43 | 44 | 37 | 38 | 39 | 40 | 35 | 36,33,STRUCTURED,4,5,not returned by product.list/get,9.05,9.45,USD,2,Pair,31,not returned by product.list/get,0,,https://www.alibaba.com/product-detail/Custom-Logo-Low-Cut-Knit-Slip_1601939733108.html,2026-09-05 00:02:07
1601939691340,AAHhjmk4AOWGex-cDVm7jdCv,True,,Custom Logo Knit Slip-On Walking Shoes Casual Shoes OEM ODM Private Label Footwear Supplier Model A830,BQ024-O1 / A830,201334413,,approved,Y,6,4,Yellow Sole | Light Grey | Dark Grey | All Black,9,43 | 42 | 41 | 40 | 39 | 38 | 37 | 45 | 44,36,STRUCTURED,4,5,not returned by product.list/get,9.05,9.45,USD,2,Pair,31,not returned by product.list/get,0,,https://www.alibaba.com/product-detail/Custom-Logo-Knit-Slip-On-Walking_1601939691340.html,2026-09-04 23:54:31
1601939684371,AAGNjmk4AOWGex-cDVm7jbvw,True,,Knit Slip-On Walking Shoes Casual Shoes for Men's Travel Commuting and Daily Wear Model A830,BQ024-R1 / A830,201334413,,approved,Y,6,4,Dark Grey | All Black | Yellow Sole | Light Grey,9,41 | 42 | 43 | 44 | 37 | 38 | 39 | 40 | 45,36,STRUCTURED,4,5,not returned by product.list/get,9.13,9.53,USD,2,Pair,31,not returned by product.list/get,0,,https://www.alibaba.com/product-detail/Knit-Slip-On-Walking-Shoes-Casual_1601939684371.html,2026-09-04 23:54:01
1601939722180,AAFOjmk4AOWGex-cDVm7ikgn,True,,Wholesale Knit Low Cut Slip-On Walking Shoes Casual Shoes Factory Supply Model A505,BQ023-W1 / A505,201334413,,approved,Y,6,3,Black | Brown | Grey,11,38 | 39 | 36 | 37 | 35 | 44 | 45 | 42 | 43 | 40 | 41,33,STRUCTURED,4,5,not returned by product.list/get,9.09,9.49,USD,2,Pair,31,not returned by product.list/get,0,,https://www.alibaba.com/product-detail/Wholesale-Knit-Low-Cut-Slip-On_1601939722180.html,2026-09-05 00:00:32
1601939616754,AAGmjmk4AOWGex-cDVm7jLQR,True,,Knit Low Cut Slip-On Walking Shoes Casual Shoes for Travel Commuting and Daily Wear Model A505,BQ023-R1 / A505,201334413,,approved,Y,6,3,Grey | Black | Brown,11,42 | 43 | 44 | 45 | 38 | 39 | 40 | 41 | 35 | 36 | 37,33,STRUCTURED,4,5,not returned by product.list/get,9.13,9.53,USD,2,Pair,31,not returned by product.list/get,0,,https://www.alibaba.com/product-detail/Knit-Low-Cut-Slip-On-Walking_1601939616754.html,2026-09-04 23:41:58
1601939641581,AAEDjmk4AOWGex-cDVm7jRMO,True,,Wholesale Striped Knit Slip-On Walking Shoes Casual Shoes Factory Supply Model A2208,BQ022-W1 / A2208,201334413,,approved,Y,6,3,Black | Light Grey | Black White Stripe,11,37 | 36 | 35 | 45 | 44 | 43 | 42 | 41 | 40 | 39 | 38,33,STRUCTURED,4,5,not returned by product.list/get,9.09,9.49,USD,2,Pair,31,not returned by product.list/get,0,,https://www.alibaba.com/product-detail/Wholesale-Striped-Knit-Slip-On-Walking_1601939641581.html,2026-09-04 23:51:51
1601939752005,AAHIjmk4AOWGex-cDVm7isOm,True,,Custom Logo Knit Low Cut Slip-On Walking Shoes Casual Shoes OEM ODM Private Label Footwear Supplier Model A505,BQ023-O1 / A505,201334413,,approved,Y,6,3,Grey | Black | Brown,11,44 | 43 | 42 | 41 | 40 | 39 | 38 | 37 | 36 | 35 | 45,33,STRUCTURED,4,5,not returned by product.list/get,9.05,9.45,USD,2,Pair,31,not returned by product.list/get,0,,https://www.alibaba.com/product-detail/Custom-Logo-Knit-Low-Cut-Slip_1601939752005.html,2026-09-05 00:06:10
1601939659468,AAFujmk4AOWGex-cDVm7jV0v,True,,Striped Knit Slip-On Walking Shoes Casual Shoes for Travel Commuting and Daily Wear Model A2208,BQ022-R1 / A2208,201334413,,approved,Y,6,3,Light Grey | Black White Stripe | Black,11,45 | 44 | 43 | 42 | 41 | 40 | 39 | 38 | 37 | 36 | 35,33,STRUCTURED,4,5,not returned by product.list/get,9.13,9.53,USD,2,Pair,31,not returned by product.list/get,0,,https://www.alibaba.com/product-detail/Striped-Knit-Slip-On-Walking-Shoes_1601939659468.html,2026-09-04 23:45:48
1601939709218,AAG6jmk4AOWGex-cDVm7ihrB,True,,Custom Logo Striped Knit Slip-On Walking Shoes Casual Shoes OEM ODM Private Label Footwear Supplier Model A2208,BQ022-O1 / A2208,201334413,,approved,Y,6,3,Black White Stripe | Black | Light Grey,11,39 | 40 | 37 | 38 | 35 | 36 | 44 | 45 | 42 | 43 | 41,33,STRUCTURED,4,5,not returned by product.list/get,9.05,9.45,USD,2,Pair,31,not returned by product.list/get,0,,https://www.alibaba.com/product-detail/Custom-Logo-Striped-Knit-Slip-On_1601939709218.html,2026-09-04 23:58:11
1601939606858,AAGUjmk4AOWGex-cDVm7jIqp,True,,Wholesale Knit Slip-On Walking Shoes Casual Shoes Factory Supply Model K6212,BQ021-W1 / K6212,201334413,,approved,Y,6,5,White | Blue | All Black | Black White | Grey,11,44 | 45 | 35 | 36 | 40 | 41 | 42 | 43 | 37 | 38 | 39,55,STRUCTURED,4,5,not returned by product.list/get,9.09,9.49,USD,2,Pair,31,not returned by product.list/get,0,,https://www.alibaba.com/product-detail/Wholesale-Knit-Slip-On-Walking-Shoes_1601939606858.html,2026-09-04 23:40:17
1601939709217,AAG7jmk4AOWGex-cDVm7ihrC,True,,Knit Slip-On Walking Shoes Casual Shoes for Travel Commuting and Daily Wear Model K6212,BQ021-R1 / K6212,201334413,,approved,Y,6,5,Grey | Blue | White | All Black | Black White,11,41 | 42 | 43 | 44 | 37 | 38 | 39 | 40 | 45 | 35 | 36,55,STRUCTURED,4,5,not returned by product.list/get,9.13,9.53,USD,2,Pair,31,not returned by product.list/get,0,,https://www.alibaba.com/product-detail/Knit-Slip-On-Walking-Shoes-Casual_1601939709217.html,2026-09-04 23:57:31
1601939712249,AAEojmk4AOWGex-cDVm7ii8a,True,,Wholesale Hollow Knit Lace-Up Walking Shoes Summer Casual Shoes Factory Supply Model A218,BQ020-W1 / A218,201334413,,approved,Y,6,4,All Black | Black White | White | Grey,11,43 | 42 | 41 | 40 | 39 | 38 | 37 | 36 | 35 | 45 | 44,44,STRUCTURED,4,5,not returned by product.list/get,9.09,9.49,USD,2,Pair,31,not returned by product.list/get,0,,https://www.alibaba.com/product-detail/Wholesale-Hollow-Knit-Lace-Up-Walking_1601939712249.html,2026-09-04 23:58:56
1601939739115,AAH9jmk4AOWGex-cDVm7ipYI,True,,Custom Logo Knit Slip-On Walking Shoes Casual Shoes OEM ODM Private Label Footwear Supplier Model K6212,BQ021-O1 / K6212,201334413,,approved,Y,6,5,Grey | Blue | White | All Black | Black White,11,44 | 45 | 42 | 43 | 40 | 41 | 38 | 39 | 36 | 37 | 35,55,STRUCTURED,4,5,not returned by product.list/get,9.05,9.45,USD,2,Pair,31,not returned by product.list/get,0,,https://www.alibaba.com/product-detail/Custom-Logo-Knit-Slip-On-Walking_1601939739115.html,2026-09-05 00:03:56
1601939590957,AAH3jmk4AOWGex-cDVm7jEjO,True,,Hollow Knit Lace-Up Walking Shoes Summer Casual Shoes for Daily Walking and Casual Wear Model A218,BQ020-R1 / A218,201334413,,approved,Y,6,4,White | Grey | All Black | Black White,11,36 | 37 | 38 | 39 | 43 | 44 | 45 | 35 | 40 | 41 | 42,44,STRUCTURED,4,5,not returned by product.list/get,9.13,9.53,USD,2,Pair,31,not returned by product.list/get,0,,https://www.alibaba.com/product-detail/Hollow-Knit-Lace-Up-Walking-Shoes_1601939590957.html,2026-09-04 23:39:03
1601939625613,AAEgjmk4AOWGex-cDVm7jNFu,True,,Custom Logo Hollow Knit Lace-Up Walking Shoes Summer Casual Shoes OEM ODM Private Label Footwear Supplier Model A218,BQ020-O1 / A218,201334413,,approved,Y,6,4,White | Grey | All Black | Black White,11,43 | 44 | 41 | 42 | 39 | 40 | 37 | 38 | 35 | 36 | 45,44,STRUCTURED,4,5,not returned by product.list/get,9.05,9.45,USD,2,Pair,31,not returned by product.list/get,0,,https://www.alibaba.com/product-detail/Custom-Logo-Hollow-Knit-Lace-Up_1601939625613.html,2026-09-04 23:42:36
1601939616747,AAGdjmk4AOWGex-cDVm7jLQI,True,,Wholesale Knit Lace-Up Walking Shoes Casual Shoes Factory Supply Model A206,BQ019-W1 / A206,201334413,,approved,Y,6,4,Black | White | Light Grey | Cream,11,42 | 43 | 40 | 41 | 38 | 39 | 36 | 37 | 35 | 45 | 44,44,STRUCTURED,4,5,not returned by product.list/get,9.09,9.49,USD,2,Pair,31,not returned by product.list/get,0,,https://www.alibaba.com/product-detail/Wholesale-Knit-Lace-Up-Walking-Shoes_1601939616747.html,2026-09-04 23:41:38
1601939602873,AAE1jmk4AOWGex-cDVm7jHpa,True,,Knit Lace-Up Walking Shoes Casual Shoes for Daily Walking and Casual Wear Model A206,BQ019-R1 / A206,201334413,,approved,Y,6,4,Black | White | Light Grey | Cream,11,35 | 45 | 43 | 44 | 41 | 42 | 39 | 40 | 37 | 38 | 36,44,STRUCTURED,4,5,not returned by product.list/get,9.13,9.53,USD,2,Pair,31,not returned by product.list/get,0,,https://www.alibaba.com/product-detail/Knit-Lace-Up-Walking-Shoes-Casual_1601939602873.html,2026-09-04 23:39:41
1601939726170,AAHwjmk4AOWGex-cDVm7ili5,True,,Wholesale Knit Lace-Up Walking Shoes Casual Shoes Factory Supply Model A116,BQ018-W1 / A116,201334413,,approved,Y,6,4,Cream | Lavender | Black White | Black,11,41 | 42 | 43 | 44 | 37 | 38 | 39 | 40 | 45 | 35 | 36,44,STRUCTURED,4,5,not returned by product.list/get,9.09,9.49,USD,2,Pair,31,not returned by product.list/get,0,,https://www.alibaba.com/product-detail/Wholesale-Knit-Lace-Up-Walking-Shoes_1601939726170.html,2026-09-05 00:01:34
1601939695286,AAEYjmk4AOWGex-cDVm7jeFV,True,,Custom Logo Knit Lace-Up Walking Shoes Casual Shoes OEM ODM Private Label Footwear Supplier Model A206,BQ019-O1 / A206,201334413,,approved,Y,6,4,White | Light Grey | Cream | Black,11,45 | 43 | 44 | 41 | 42 | 39 | 40 | 37 | 38 | 35 | 36,44,STRUCTURED,4,5,not returned by product.list/get,9.05,9.45,USD,2,Pair,31,not returned by product.list/get,0,,https://www.alibaba.com/product-detail/Custom-Logo-Knit-Lace-Up-Walking_1601939695286.html,2026-09-04 23:55:39
1601939641542,AAEajmk4AOWGex-cDVm7jRMl,True,,Knit Lace-Up Walking Shoes Casual Shoes for Daily Walking and Casual Wear Model A116,BQ018-R1 / A116,201334413,,approved,Y,6,4,Black White | Black | Cream | Lavender,11,45 | 44 | 43 | 42 | 41 | 40 | 39 | 38 | 37 | 36 | 35,44,STRUCTURED,4,5,not returned by product.list/get,9.13,9.53,USD,2,Pair,31,not returned by product.list/get,0,,https://www.alibaba.com/product-detail/Knit-Lace-Up-Walking-Shoes-Casual_1601939641542.html,2026-09-04 23:44:20
1601939589890,AAEOjmk4AOWGex-cDVm7jEzh,True,,Custom Logo Knit Lace-Up Walking Shoes Casual Shoes OEM ODM Private Label Footwear Supplier Model A116,BQ018-O1 / A116,201334413,,approved,Y,6,4,Black White | Black | Cream | Lavender,11,43 | 44 | 45 | 39 | 40 | 41 | 42 | 35 | 36 | 37 | 38,44,STRUCTURED,4,5,not returned by product.list/get,9.05,9.45,USD,2,Pair,31,not returned by product.list/get,0,,https://www.alibaba.com/product-detail/Custom-Logo-Knit-Lace-Up-Walking_1601939589890.html,2026-09-04 23:38:53
1601939636508,AAHnjmk4AOWGex-cDVm7jQb_,True,,Wholesale Quilted Knit Lace-Up Walking Shoes Casual Shoes Factory Supply Model A008,BQ017-W1 / A008,201334413,,approved,Y,6,4,All Black | Black White | White | Grey,11,44 | 45 | 40 | 41 | 42 | 43 | 36 | 37 | 38 | 39 | 35,44,STRUCTURED,4,5,not returned by product.list/get,9.09,9.49,USD,2,Pair,31,not returned by product.list/get,0,,https://www.alibaba.com/product-detail/Wholesale-Quilted-Knit-Lace-Up-Walking_1601939636508.html,2026-09-04 23:51:23
1601939697271,AAHfjmk4AOWGex-cDVm7jemU,True,,Quilted Knit Lace-Up Walking Shoes Casual Shoes for Daily Walking and Casual Wear Model A008,BQ017-R1 / A008,201334413,,approved,Y,6,4,White | Grey | All Black | Black White,11,43 | 44 | 41 | 42 | 39 | 40 | 37 | 38 | 35 | 36 | 45,44,STRUCTURED,4,5,not returned by product.list/get,9.13,9.53,USD,2,Pair,31,not returned by product.list/get,0,,https://www.alibaba.com/product-detail/Quilted-Knit-Lace-Up-Walking-Shoes_1601939697271.html,2026-09-04 23:55:52
1601939593839,AAHKjmk4AOWGex-cDVm7jF2M,True,,Custom Logo Quilted Knit Lace-Up Walking Shoes Casual Shoes OEM ODM Private Label Footwear Supplier Model A008,BQ017-O1 / A008,201334413,,approved,Y,6,4,All Black | Black White | White | Grey,11,45 | 44 | 43 | 42 | 41 | 40 | 39 | 38 | 37 | 36 | 35,44,STRUCTURED,4,5,not returned by product.list/get,9.05,9.45,USD,2,Pair,31,not returned by product.list/get,0,,https://www.alibaba.com/product-detail/Custom-Logo-Quilted-Knit-Lace-Up_1601939593839.html,2026-09-04 23:39:13
1601939608691,AAGEjmk4AOWGex-cDVm7jJOQ,True,,Wholesale Girls' Knit Slip-On Walking Shoes Casual School Shoes Factory Supply Model 201,BQ016-W1 / 201,201334413,,approved,Y,6,3,Zebra Stripe | Pink | Black,10,40 | 38 | 39 | 36 | 37 | 34 | 35 | 32 | 33 | 31,30,STRUCTURED,4,5,not returned by product.list/get,9.09,9.49,USD,2,Pair,31,not returned by product.list/get,0,,https://www.alibaba.com/product-detail/Wholesale-Girls-Knit-Slip-On-Walking_1601939608691.html,2026-09-04 23:40:56
1601939633580,AAEijmk4AOWGex-cDVm7jPJP,True,,Custom Logo Girls' Knit Slip-On Walking Shoes Casual School Shoes OEM ODM Private Label Footwear Supplier Model 201,BQ016-O1 / 201,201334413,,approved,Y,6,3,Black | Zebra Stripe | Pink,10,37 | 38 | 35 | 36 | 33 | 34 | 31 | 32 | 39 | 40,30,STRUCTURED,4,5,not returned by product.list/get,9.05,9.45,USD,2,Pair,31,not returned by product.list/get,0,,https://www.alibaba.com/product-detail/Custom-Logo-Girls-Knit-Slip-On_1601939633580.html,2026-09-04 23:43:39
1601939691301,AAH4jmk4AOWGex-cDVm7jdDG,True,,Girls' Breathable Light Weight Knit Slip-On Walking Shoes Casual School Shoes for Daily Use Model 201,BQ016-R1 / 201,201334413,,approved,Y,6,3,Pink | Black | Zebra Stripe,10,31 | 40 | 33 | 32 | 37 | 36 | 39 | 38 | 35 | 34,30,STRUCTURED,4,5,not returned by product.list/get,9.13,9.53,USD,2,Pair,31,not returned by product.list/get,0,,https://www.alibaba.com/product-detail/Girls-Breathable-Light-Weight-Knit-Slip_1601939691301.html,2026-09-04 23:54:26
1601939747001,AAHwjmk4AOWGex-cDVm7irda,True,,Knit Slip-On Walking Shoes Toe Cap Casual Sneakers with Lace Detail for Autumn Winter Walking and Casual Wear Model R1811,BQ015-R1 / R1811,201334413,,approved,Y,6,3,Black White | Black | Grey White,11,36 | 37 | 38 | 39 | 43 | 44 | 45 | 35 | 40 | 41 | 42,33,STRUCTURED,4,5,not returned by product.list/get,9.13,9.53,USD,2,Pair,31,not returned by product.list/get,0,,https://www.alibaba.com/product-detail/Knit-Slip-On-Walking-Shoes-Toe_1601939747001.html,2026-09-05 00:04:24
1601939743040,AAGojmk4AOWGex-cDVm7iqaj,True,,Wholesale Knit Slip-On Walking Shoes Toe Cap Casual Sneakers with Lace Detail Factory Supply Model R1811,BQ015-W1 / R1811,201334413,,approved,Y,6,3,Grey White | Black White | Black,11,36 | 35 | 45 | 44 | 43 | 42 | 41 | 40 | 39 | 38 | 37,33,STRUCTURED,4,5,not returned by product.list/get,9.09,9.49,USD,2,Pair,31,not returned by product.list/get,0,,https://www.alibaba.com/product-detail/Wholesale-Knit-Slip-On-Walking-Shoes_1601939743040.html,2026-09-05 00:03:51
1601939683302,AAGXjmk4AOWGex-cDVm7jbAF,True,,Custom Logo Breathable Lightweight Knit Slip-On Walking Shoes Toe Casual Sneakers Lace Detail OEM ODM Private Label Model R1811,BQ015-O1 / R1811,201334413,,approved,Y,6,3,Black | Grey White | Black White,11,41 | 42 | 43 | 44 | 37 | 38 | 39 | 40 | 45 | 35 | 36,33,STRUCTURED,4,5,not returned by product.list/get,9.05,9.45,USD,2,Pair,31,not returned by product.list/get,0,,https://www.alibaba.com/product-detail/Custom-Logo-Breathable-Lightweight-Knit-Slip_1601939683302.html,2026-09-04 23:53:50
1601939669411,AAEojmk4AOWGex-cDVm7jYZA,True,,Wholesale Knit Slip-On Walking Shoes Casual Sneakers Factory Supply Model A507,BQ014-W1 / A507,201334413,,approved,Y,6,3,Black | Black White | White,11,43 | 44 | 45 | 39 | 40 | 41 | 42 | 35 | 36 | 37 | 38,33,STRUCTURED,4,5,not returned by product.list/get,9.09,9.49,USD,2,Pair,31,not returned by product.list/get,0,,https://www.alibaba.com/product-detail/Wholesale-Knit-Slip-On-Walking-Shoes_1601939669411.html,2026-09-04 23:52:19
1601939658415,AAF_jmk4AOWGex-cDVm7jVFM,True,,Breathable Light Weight Knit Slip-On Walking Shoes Casual Sneakers for Travel Commuting and Daily Wear All Seasons Model A507,BQ014-R1 / A507,201334413,,approved,Y,6,3,Black | Black White | White,11,42 | 43 | 44 | 45 | 38 | 39 | 40 | 41 | 35 | 36 | 37,33,STRUCTURED,4,5,not returned by product.list/get,9.13,9.53,USD,2,Pair,31,not returned by product.list/get,0,,https://www.alibaba.com/product-detail/Breathable-Light-Weight-Knit-Slip-On_1601939658415.html,2026-09-04 23:45:16
1601939608686,AAGBjmk4AOWGex-cDVm7jJON,True,,Custom Logo Knit Slip-On Walking Shoes Casual Sneakers OEM ODM Private Label Footwear Supplier Model A507,BQ014-O1 / A507,201334413,,approved,Y,6,3,White | Black | Black White,11,35 | 36 | 45 | 43 | 44 | 41 | 42 | 39 | 40 | 37 | 38,33,STRUCTURED,4,5,not returned by product.list/get,9.05,9.45,USD,2,Pair,31,not returned by product.list/get,0,,https://www.alibaba.com/product-detail/Custom-Logo-Knit-Slip-On-Walking_1601939608686.html,2026-09-04 23:40:40
1601939638522,AAEKjmk4AOWGex-cDVm7jQ8Z,True,,Knit Slip-On Walking Shoes Casual Shoes for Travel Commuting and Daily Wear Model T55836,BQ013-R1 / T55836,201334413,,approved,Y,6,3,Wine Red | Grey | Black,11,36 | 35 | 45 | 44 | 43 | 42 | 41 | 40 | 39 | 38 | 37,33,STRUCTURED,4,5,not returned by product.list/get,9.13,9.53,USD,2,Pair,31,not returned by product.list/get,0,,https://www.alibaba.com/product-detail/Knit-Slip-On-Walking-Shoes-Casual_1601939638522.html,2026-09-04 23:44:11
1601939619687,AAGdjmk4AOWGex-cDVm7jLiE,True,,Wholesale Breathable Light Weight Knit Slip-On Walking Shoes Casual Factory Supply Model T55836,BQ013-W1 / T55836,201334413,,approved,Y,6,3,Grey | Black | Wine Red,11,45 | 43 | 44 | 41 | 42 | 39 | 40 | 37 | 38 | 35 | 36,33,STRUCTURED,4,5,not returned by product.list/get,9.09,9.49,USD,2,Pair,31,not returned by product.list/get,0,,https://www.alibaba.com/product-detail/Wholesale-Breathable-Light-Weight-Knit-Slip_1601939619687.html,2026-09-04 23:42:07
1601939736061,AAH_jmk4AOWGex-cDVm7ioIe,True,,Custom Logo Breathable Light Weight Knit Slip-On Walking Shoes Casual Shoes OEM ODM Private Label Footwear Supplier Model T55836,BQ013-O1 / T55836,201334413,,approved,Y,6,3,Wine Red | Grey | Black,11,41 | 42 | 43 | 44 | 37 | 38 | 39 | 40 | 35 | 36 | 45,33,STRUCTURED,4,5,not returned by product.list/get,9.05,9.45,USD,2,Pair,31,not returned by product.list/get,0,,https://www.alibaba.com/product-detail/Custom-Logo-Breathable-Light-Weight-Knit_1601939736061.html,2026-09-05 00:03:03
1601939650458,AAELjmk4AOWGex-cDVm7jTB5,True,,Wholesale Knit Slip-On Walking Shoes Chunky Casual Shoes with Lace Detail Factory Supply Model M8506,BQ012-W1 / M8506,201334413,,approved,Y,6,3,Black White | Black Black | Red White,6,43 | 42 | 39 | 44 | 41 | 40,18,STRUCTURED,4,5,not returned by product.list/get,9.09,9.49,USD,2,Pair,31,not returned by product.list/get,0,,https://www.alibaba.com/product-detail/Wholesale-Knit-Slip-On-Walking-Shoes_1601939650458.html,2026-09-04 23:44:46
1601939681367,AAHNjmk4AOWGex-cDVm7jbe0,True,,Knit Slip-On Walking Shoes Chunky Casual Shoes with Lace Detail for Men's Daily Walking and Casual Wear Model M8506,BQ012-R1 / M8506,201334413,,approved,Y,6,3,Red White | Black Black | Black White,6,42 | 43 | 44 | 39 | 40 | 41,18,STRUCTURED,4,5,not returned by product.list/get,9.13,9.53,USD,2,Pair,31,not returned by product.list/get,0,,https://www.alibaba.com/product-detail/Knit-Slip-On-Walking-Shoes-Chunky_1601939681367.html,2026-09-04 23:53:30
1601939606805,AAHhjmk4AOWGex-cDVm7jIr2,True,,Custom Logo Knit Slip-On Walking Shoes Chunky Casual Shoes with Lace Detail OEM ODM Private Label Footwear Supplier Model M8506,BQ012-O1 / M8506,201334413,,approved,Y,6,3,Red White | Black Black | Black White,6,44 | 43 | 40 | 39 | 42 | 41,18,STRUCTURED,4,5,not returned by product.list/get,9.05,9.45,USD,2,Pair,31,not returned by product.list/get,0,,https://www.alibaba.com/product-detail/Custom-Logo-Knit-Slip-On-Walking_1601939606805.html,2026-09-04 23:40:12
1601939634522,AAGYjmk4AOWGex-cDVm7jP65,True,,Wholesale Men's Knit Slip-On Walking Shoes Casual Shoes Factory Supply Model A002,BQ011-W1 / A002,201334413,,approved,Y,6,3,Light Grey | Grey White | Grey Black,7,45 | 43 | 44 | 41 | 42 | 39 | 40,21,STRUCTURED,4,5,not returned by product.list/get,9.09,9.49,USD,2,Pair,31,not returned by product.list/get,0,,https://www.alibaba.com/product-detail/Wholesale-Men-s-Knit-Slip-On_1601939634522.html,2026-09-04 23:43:42
1601939666421,AAFqjmk4AOWGex-cDVm7jXIW,True,,Men's Breathable Light Weight Knit Slip-On Walking Shoes with Cushioned Midsole for Commuting and Daily Walking Model A002,BQ011-R1 / A002,201334413,,approved,Y,6,3,Grey Black | Light Grey | Grey White,7,41 | 40 | 39 | 45 | 44 | 43 | 42,21,STRUCTURED,4,5,not returned by product.list/get,9.13,9.53,USD,2,Pair,31,not returned by product.list/get,0,,https://www.alibaba.com/product-detail/Men-s-Breathable-Light-Weight-Knit_1601939666421.html,2026-09-04 23:46:44
1601939589876,AAFFjmk4AOWGex-cDVm7jE0X,True,,Wholesale Stretch Fabric Low Top Lace-Up Walking Shoes Toe Cap Lightweight Casual Sneakers Factory Supply Model R1601,BQ010-W1 / R1601,201334413,,approved,Y,6,2,White Sole Black | All Black,11,45 | 35 | 36 | 37 | 41 | 42 | 43 | 44 | 38 | 39 | 40,22,STRUCTURED,4,5,not returned by product.list/get,9.09,9.49,USD,2,Pair,31,not returned by product.list/get,0,,https://www.alibaba.com/product-detail/Wholesale-Stretch-Fabric-Low-Top-Lace_1601939589876.html,2026-09-04 23:38:43
1601939606803,AAHbjmk4AOWGex-cDVm7jIrw,True,,Custom Logo Men's Knit Slip-On Walking Shoes Casual Shoes OEM ODM Private Label Footwear Supplier Model A002,BQ011-O1 / A002,201334413,,approved,Y,6,3,Grey Black | Light Grey | Grey White,7,43 | 42 | 45 | 44 | 39 | 41 | 40,21,STRUCTURED,4,5,not returned by product.list/get,9.05,9.45,USD,2,Pair,31,not returned by product.list/get,0,,https://www.alibaba.com/product-detail/Custom-Logo-Men-s-Knit-Slip_1601939606803.html,2026-09-04 23:39:42
1601939573998,AAH5jmk4AOWGex-cDVm7jAsN,True,,Custom Logo Stretch Fabric Low Top Lace-Up Walking Shoes Toe Cap Lightweight Casual Sneakers OEM ODM Private Label Model R1601,BQ010-O1 / R1601,201334413,,approved,Y,6,2,All Black | White Sole Black,11,44 | 45 | 40 | 41 | 42 | 43 | 36 | 37 | 38 | 39 | 35,22,STRUCTURED,4,5,not returned by product.list/get,9.05,9.45,USD,2,Pair,31,not returned by product.list/get,0,,https://www.alibaba.com/product-detail/Custom-Logo-Stretch-Fabric-Low-Top_1601939573998.html,2026-09-04 23:38:06
1601939734070,AAEtjmk4AOWGex-cDVm7innV,True,,Stretch Fabric Low Top Lace-Up Walking Shoes Toe Cap Casual Sneakers for Daily Walking and Casual Streetwear Model R1601,BQ010-R1 / R1601,201334413,,approved,Y,6,2,All Black | White Sole Black,11,35 | 36 | 37 | 38 | 42 | 43 | 44 | 45 | 39 | 40 | 41,22,STRUCTURED,4,5,not returned by product.list/get,9.13,9.53,USD,2,Pair,31,not returned by product.list/get,0,,https://www.alibaba.com/product-detail/Stretch-Fabric-Low-Top-Lace-Up_1601939734070.html,2026-09-05 00:02:34
1601939661419,AAHPjmk4AOWGex-cDVm7jWWI,True,,Breathable Mesh Lace-Up Athletic Walking Shoes Thick Sole Lightweight Casual Sneakers for Everyday Training Model L1026,BQ009-R1 / L1026,201334413,,approved,Y,6,4,All Black | Mint Green | Orange | Black White,11,45 | 44 | 43 | 42 | 41 | 40 | 39 | 38 | 37 | 36 | 35,44,STRUCTURED,4,5,not returned by product.list/get,9.13,9.53,USD,2,Pair,31,not returned by product.list/get,0,,https://www.alibaba.com/product-detail/Breathable-Mesh-Lace-Up-Athletic-Walking_1601939661419.html,2026-09-04 23:46:05
1601939675350,AAG2jmk4AOWGex-cDVm7jZ81,True,,Wholesale Breathable Mesh Athletic Walking Shoes Thick Sole Casual Sneakers Factory Supply Model L1026,BQ009-W1 / L1026,201334413,,approved,Y,6,4,All Black | Mint Green | Orange | Black White,11,40 | 39 | 42 | 41 | 36 | 35 | 38 | 37 | 43 | 45 | 44,44,STRUCTURED,4,5,not returned by product.list/get,9.09,9.49,USD,2,Pair,31,not returned by product.list/get,0,,https://www.alibaba.com/product-detail/Wholesale-Breathable-Mesh-Athletic-Walking-Shoes_1601939675350.html,2026-09-04 23:52:50
1601939721165,AAFZjmk4AOWGex-cDVm7ikwu,False,"{""returncode"": 2, ""response_error"": {""type"": ""ISV"", ""code"": ""ApiCallLimit"", ""msg"": ""Api access frequency exceeds the limit. this ban will last 1 seconds"", ""request_id"": ""213c932b17885406998864546"", ""_trace_id_"": ""210141f717885406997428770e0d1e""}, ""_stderr_tail"": """", ""_stdout_tail"": ""{\n  \""error_response\"": {\n    \""type\"": \""ISV\"",\n    \""code\"": \""ApiCallLimit\"",\n    \""msg\"": \""Api access frequency exceeds the limit. this ban will last 1 seconds\"",\n    \""request_id\"": \""213c932b17885406998864546\"",\n    \""_trace_id_\"": \""210141f717885406997428770e0d1e\""\n  }\n}\n""}",Custom Logo Breathable Mesh Athletic Walking Shoes Thick Sole Casual Sneakers OEM ODM Private Label Model L1026,BQ009-O1 / L1026,,,approved,Y,,,,,,,UNRESOLVED,,,not returned by product.list/get,,,,,,,not returned by product.list/get,,,https://www.alibaba.com/product-detail/Custom-Logo-Breathable-Mesh-Athletic-Walking_1601939721165.html,
1601939625569,AAG0jmk4AOWGex-cDVm7jNGC,True,,Wholesale Breathable Mesh Lace-Up Athletic Walking Shoes Thick Sole Casual Sneakers Factory Supply Model L1009,BQ008-W1 / L1009,201334413,,approved,Y,6,4,Grey Green | Black White | All Black | White Black,10,41 | 42 | 43 | 44 | 37 | 38 | 39 | 40 | 45 | 36,40,STRUCTURED,4,5,not returned by product.list/get,9.09,9.49,USD,2,Pair,31,not returned by product.list/get,0,,https://www.alibaba.com/product-detail/Wholesale-Breathable-Mesh-Lace-Up-Athletic_1601939625569.html,2026-09-04 23:42:28
1601939659415,AAEzjmk4AOWGex-cDVm7jV10,True,,Custom Logo Breathable Mesh Lace-Up Athletic Walking Shoes Thick Sole Casual Sneakers OEM ODM Private Label Model L1009,BQ008-O1 / L1009,201334413,,approved,Y,6,4,Black White | All Black | White Black | Grey Green,10,36 | 43 | 44 | 45 | 39 | 40 | 41 | 42 | 37 | 38,40,STRUCTURED,4,5,not returned by product.list/get,9.05,9.45,USD,2,Pair,31,not returned by product.list/get,0,,https://www.alibaba.com/product-detail/Custom-Logo-Breathable-Mesh-Lace-Up_1601939659415.html,2026-09-04 23:45:36
1601939628529,AAHZjmk4AOWGex-cDVm7jOYS,True,,Breathable Mesh Lace-Up Athletic Walking Shoes Thick Sole Casual Sneakers for Athletic Walking and Everyday Training Model L1009,BQ008-R1 / L1009,201334413,,approved,Y,6,4,All Black | White Black | Grey Green | Black White,10,42 | 41 | 40 | 39 | 38 | 37 | 36 | 45 | 44 | 43,40,STRUCTURED,4,5,not returned by product.list/get,9.13,9.53,USD,2,Pair,31,not returned by product.list/get,0,,https://www.alibaba.com/product-detail/Breathable-Mesh-Lace-Up-Athletic-Walking_1601939628529.html,2026-09-04 23:43:05
1601939711161,AAFcjmk4AOWGex-cDVm7iiNa,True,,Knit Elastic Lace Slip-On Walking Shoes Breathable Lightweight Foam Sole Casual Sneakers Travel Commuting Daily Wear Model L0017,BQ007-R1 / L0017,201334413,,approved,Y,6,5,Black White | All Black | White | Orange | White Khaki,11,45 | 44 | 43 | 42 | 41 | 40 | 39 | 38 | 37 | 36 | 35,55,STRUCTURED,4,5,not returned by product.list/get,9.13,9.53,USD,2,Pair,31,not returned by product.list/get,0,,https://www.alibaba.com/product-detail/Knit-Elastic-Lace-Slip-On-Walking_1601939711161.html,2026-09-04 23:58:06
1601939585913,AAG3jmk4AOWGex-cDVm7jDya,True,,Wholesale Knit Elastic Lace Slip-On Walking Shoes Breathable Lightweight Foam Sole Casual Sneakers All Seasons Factory Supply,BQ007-W1 / L0017,201334413,,approved,Y,6,5,Orange | White Khaki | White | Black White | All Black,11,45 | 44 | 43 | 42 | 41 | 40 | 39 | 38 | 37 | 36 | 35,55,STRUCTURED,4,5,not returned by product.list/get,9.09,9.49,USD,2,Pair,31,not returned by product.list/get,0,,https://www.alibaba.com/product-detail/Wholesale-Knit-Elastic-Lace-Slip-On_1601939585913.html,2026-09-04 23:38:34
1601939660427,AAEjjmk4AOWGex-cDVm7jVlo,True,,Wholesale Breathable Knit Lace-Up Walking Shoes Lightweight Chunky EVA Sole Casual Sneakers Factory Supply Model M8811,BQ006-W1 / M8811,201334413,,approved,Y,6,7,White Grey | White Green | Black White | All White | All Black | White Pink | White Purple,11,35 | 45 | 36 | 37 | 44 | 42 | 41 | 43 | 40 | 38 | 39,67,STRUCTURED,4,5,not returned by product.list/get,9.09,9.49,USD,2,Pair,31,not returned by product.list/get,0,,https://www.alibaba.com/product-detail/Wholesale-Breathable-Knit-Lace-Up-Walking_1601939660427.html,2026-09-04 23:52:03
1601939701201,AAEOjmk4AOWGex-cDVm7jfoy,True,,Custom Logo Knit Elastic Lace Slip-On Walking Shoes Lightweight Foam Sole Casual Sneakers OEM ODM Private Label Model L0017,BQ007-O1 / L0017,201334413,,approved,Y,6,5,All Black | White | Orange | White Khaki | Black White,11,37 | 38 | 39 | 40 | 44 | 45 | 35 | 36 | 41 | 42 | 43,55,STRUCTURED,4,5,not returned by product.list/get,9.05,9.45,USD,2,Pair,31,not returned by product.list/get,0,,https://www.alibaba.com/product-detail/Custom-Logo-Knit-Elastic-Lace-Slip_1601939701201.html,2026-09-04 23:56:22
1601939655430,AAETjmk4AOWGex-cDVm7jUzl,True,,Breathable Knit Lace-Up Walking Shoes Chunky EVA Sole Sneakers for Daily Walking and Seasonal Collections Model M8811,BQ006-R1 / M8811,201334413,,approved,Y,6,7,All White | All Black | White Grey | Black White | White Pink | White Purple | White Green,11,43 | 42 | 41 | 40 | 39 | 38 | 37 | 36 | 35 | 45 | 44,67,STRUCTURED,4,5,not returned by product.list/get,9.13,9.53,USD,2,Pair,31,not returned by product.list/get,0,,https://www.alibaba.com/product-detail/Breathable-Knit-Lace-Up-Walking-Shoes_1601939655430.html,2026-09-04 23:45:17
1601939735063,AAHYjmk4AOWGex-cDVm7ioX0,True,,Custom Logo Breathable Knit Lace-Up Walking Shoes Lightweight Chunky EVA Sole Casual Sneakers OEM ODM Private Label Model M8811,BQ006-O1 / M8811,201334413,,approved,Y,6,7,White Pink | White Purple | White Grey | All Black | Black White | White Green | All White,11,39 | 40 | 35 | 36 | 37 | 38 | 45 | 41 | 42 | 43 | 44,67,STRUCTURED,4,5,not returned by product.list/get,9.05,9.45,USD,2,Pair,31,not returned by product.list/get,0,,https://www.alibaba.com/product-detail/Custom-Logo-Breathable-Knit-Lace-Up_1601939735063.html,2026-09-05 00:02:42
1601939599850,AAFgjmk4AOWGex-cDVm7jHYJ,True,,Wholesale Summer Hollow Knit Lace-Up Walking Shoes Breathable Lightweight Casual Sneakers EVA Sole Factory Supply Model A503,BQ005-W1 / A503,201334413,,approved,Y,6,4,White | Pink | Grey | Black,11,45 | 44 | 43 | 42 | 41 | 40 | 39 | 38 | 37 | 36 | 35,44,STRUCTURED,4,5,not returned by product.list/get,9.09,9.49,USD,2,Pair,31,not returned by product.list/get,0,,https://www.alibaba.com/product-detail/Wholesale-Summer-Hollow-Knit-Lace-Up_1601939599850.html,2026-09-04 23:39:23
1601939712176,AAFhjmk4AOWGex-cDVm7ii9T,True,,Summer Hollow Knit Lace-Up Regular Fit Toe Walking Shoes Breathable Lightweight Casual Sneakers EVA Sole for Daily Walking A503,BQ005-R1 / A503,201334413,,approved,Y,6,4,Pink | White | Grey | Black,11,45 | 35 | 36 | 37 | 41 | 42 | 43 | 44 | 38 | 39 | 40,44,STRUCTURED,4,5,not returned by product.list/get,9.13,9.53,USD,2,Pair,31,not returned by product.list/get,0,,https://www.alibaba.com/product-detail/Summer-Hollow-Knit-Lace-Up-Regular_1601939712176.html,2026-09-04 23:58:50
1601939626612,AAHVjmk4AOWGex-cDVm7jN2X,True,,Wholesale Lightweight Knit Lace-Up Walking Shoes Breathable Casual Sneakers EVA Sole Factory Supply Model A502,BQ004-W1 / A502,201334413,,approved,Y,6,5,All Black | Light Blue | Grey Black | Black White | Orange Black,11,45 | 42 | 41 | 44 | 43 | 38 | 37 | 40 | 39 | 35 | 36,55,STRUCTURED,4,5,not returned by product.list/get,9.09,9.49,USD,2,Pair,31,not returned by product.list/get,0,,https://www.alibaba.com/product-detail/Wholesale-Lightweight-Knit-Lace-Up-Walking_1601939626612.html,2026-09-04 23:43:03
1601939631570,AAH8jmk4AOWGex-cDVm7jOox,True,,Custom Logo Summer Hollow Knit Lace-Up Walking Shoes Breathable Casual Sneakers EVA Sole OEM ODM Private Label Model A503,BQ005-O1 / A503,201334413,,approved,Y,6,4,White | Pink | Grey | Black,11,44 | 45 | 42 | 43 | 40 | 41 | 38 | 39 | 36 | 37 | 35,44,STRUCTURED,4,5,not returned by product.list/get,9.05,9.45,USD,2,Pair,31,not returned by product.list/get,0,,https://www.alibaba.com/product-detail/Custom-Logo-Summer-Hollow-Knit-Lace_1601939631570.html,2026-09-04 23:43:13
1601939700200,AAHrjmk4AOWGex-cDVm7jf4L,True,,Custom Logo Lightweight Knit Lace-Up Walking Shoes Breathable Casual Sneakers EVA Sole OEM ODM Private Label Model A502,BQ004-O1 / A502,201334413,,approved,Y,6,5,Light Blue | Grey Black | Black White | All Black | Orange Black,11,35 | 36 | 37 | 38 | 42 | 43 | 44 | 45 | 39 | 40 | 41,55,STRUCTURED,4,5,not returned by product.list/get,9.05,9.45,USD,2,Pair,31,not returned by product.list/get,0,,https://www.alibaba.com/product-detail/Custom-Logo-Lightweight-Knit-Lace-Up_1601939700200.html,2026-09-04 23:56:29
1601939738037,AAE_jmk4AOWGex-cDVm7iopW,True,,Lightweight Knit Lace-Up Walking Shoes Breathable Casual Sneakers EVA Sole for Travel Commuting and Daily Wear Model A502,BQ004-R1 / A502,201334413,,approved,Y,6,5,All Black | Black White | Orange Black | Light Blue | Grey Black,11,45 | 43 | 44 | 41 | 42 | 39 | 40 | 37 | 38 | 35 | 36,55,STRUCTURED,4,5,not returned by product.list/get,9.13,9.53,USD,2,Pair,31,not returned by product.list/get,0,,https://www.alibaba.com/product-detail/Lightweight-Knit-Lace-Up-Walking-Shoes_1601939738037.html,2026-09-05 00:03:20
1601939663432,AAH6jmk4AOWGex-cDVm7jW2r,True,,Breathable Knit Lace-Up Walking Shoes Lightweight EVA Sole Casual Sneakers for Summer Daily Walking and Casual Wear Model R1218,BQ003-R1 / R1218,201334413,,approved,Y,6,5,All Black | Black White | White | Pink | Grey,11,42 | 43 | 44 | 45 | 38 | 39 | 40 | 41 | 35 | 36 | 37,55,STRUCTURED,4,5,not returned by product.list/get,9.13,9.53,USD,2,Pair,31,not returned by product.list/get,0,,https://www.alibaba.com/product-detail/Breathable-Knit-Lace-Up-Walking-Shoes_1601939663432.html,2026-09-04 23:46:06
1601939585904,AAGwjmk4AOWGex-cDVm7jDyT,True,,Wholesale Breathable Knit Lace-Up Walking Shoes Lightweight EVA Sole Casual Sneakers Factory Supply Model R1218,BQ003-W1 / R1218,201334413,,approved,Y,6,5,Pink | Grey | White | All Black | Black White,11,40 | 39 | 38 | 37 | 36 | 35 | 45 | 44 | 43 | 42 | 41,55,STRUCTURED,4,5,not returned by product.list/get,9.09,9.49,USD,2,Pair,31,not returned by product.list/get,0,,https://www.alibaba.com/product-detail/Wholesale-Breathable-Knit-Lace-Up-Walking_1601939585904.html,2026-09-04 23:38:24
1601939665367,AAEMjmk4AOWGex-cDVm7jXY0,True,,Custom Logo Breathable Knit Lace-Up Walking Shoes Lightweight EVA Sole Casual Sneakers OEM ODM Private Label Model R1218 All,BQ003-O1 / R1218,201334413,,approved,Y,6,5,All Black | Black White | Pink | Grey | White,11,41 | 42 | 43 | 44 | 37 | 38 | 39 | 40 | 45 | 35 | 36,55,STRUCTURED,4,5,not returned by product.list/get,9.05,9.45,USD,2,Pair,31,not returned by product.list/get,0,,https://www.alibaba.com/product-detail/Custom-Logo-Breathable-Knit-Lace-Up_1601939665367.html,2026-09-04 23:46:17
1601939654418,AAETjmk4AOWGex-cDVm7jUDx,True,,Wholesale Lightweight Knit Slip-On Wide Toe Box Walking Shoes EVA Sole Factory Supply Model BQ002,BQ002-W1 / BQ002,201334413,,approved,Y,6,3,Grey Black | Grey White | Grey Khaki,11,36 | 46 | 45 | 44 | 43 | 42 | 41 | 40 | 39 | 38 | 37,33,STRUCTURED,4,5,not returned by product.list/get,9.09,9.49,USD,2,Pair,31,not returned by product.list/get,0,,https://www.alibaba.com/product-detail/Wholesale-Lightweight-Knit-Slip-On-Wide_1601939654418.html,2026-09-04 23:44:55
1601939614689,AAGPjmk4AOWGex-cDVm7jKwC,True,,Lightweight Knit Slip-On Wide Toe Box Walking Shoes EVA Sole for Travel Commuting and Daily Walking Model BQ002,BQ002-R1 / BQ002,201334413,,approved,Y,6,3,Grey White | Grey Khaki | Grey Black,11,44 | 43 | 42 | 41 | 40 | 39 | 38 | 37 | 36 | 46 | 45,33,STRUCTURED,4,5,not returned by product.list/get,9.13,9.53,USD,2,Pair,31,not returned by product.list/get,0,,https://www.alibaba.com/product-detail/Lightweight-Knit-Slip-On-Wide-Toe_1601939614689.html,2026-09-04 23:41:20
1601939635505,AAGtjmk4AOWGex-cDVm7jPrS,True,,Custom Logo Lightweight Knit Slip-On Wide Toe Box Walking Shoes EVA Sole OEM ODM Private Label Footwear Supplier Model BQ002,BQ002-O1 / BQ002,201334413,,approved,Y,6,3,Grey White | Grey Khaki | Grey Black,11,36 | 37 | 38 | 39 | 46 | 42 | 43 | 44 | 45 | 40 | 41,33,STRUCTURED,4,5,not returned by product.list/get,9.05,9.45,USD,2,Pair,31,not returned by product.list/get,0,,https://www.alibaba.com/product-detail/Custom-Logo-Lightweight-Knit-Slip-On_1601939635505.html,2026-09-04 23:43:59
1601939707196,AAHQjmk4AOWGex-cDVm7ihLf,True,,Wholesale Breathable Knit Slip-On Wide Toe Box Walking Shoes Lightweight EVA Sole Factory Supply Model BQ001,BQ001-W1 / BQ001,201334413,,approved,Y,6,3,White | All Black | Black White,11,45 | 46 | 41 | 42 | 43 | 44 | 37 | 38 | 39 | 40 | 36,33,STRUCTURED,4,5,not returned by product.list/get,9.09,9.49,USD,2,Pair,31,not returned by product.list/get,0,,https://www.alibaba.com/product-detail/Wholesale-Breathable-Knit-Slip-On-Wide_1601939707196.html,2026-09-04 23:57:35
1601939727104,AAEmjmk4AOWGex-cDVm7imTj,True,,Breathable Knit Slip-On Wide Toe Box Walking Shoes Lightweight EVA Sole for Travel Commuting and Daily Walking Model BQ001,BQ001-R1 / BQ001,201334413,,approved,Y,6,3,All Black | Black White | White,11,44 | 43 | 46 | 45 | 40 | 39 | 42 | 41 | 36 | 38 | 37,33,STRUCTURED,4,5,not returned by product.list/get,9.13,9.53,USD,2,Pair,31,not returned by product.list/get,0,,https://www.alibaba.com/product-detail/Breathable-Knit-Slip-On-Wide-Toe_1601939727104.html,2026-09-05 00:02:05
1601939572948,AAEnjmk4AOWGex-cDVm7jA83,True,,Custom Logo Breathable Knit Slip-On Wide Toe Box Walking Shoes Lightweight EVA Sole OEM ODM Private Label Model BQ001,BQ001-O1 / BQ001,201334413,,approved,Y,6,3,All Black | Black White | White,11,41 | 40 | 39 | 38 | 37 | 36 | 46 | 45 | 44 | 43 | 42,33,STRUCTURED,4,5,not returned by product.list/get,9.05,9.45,USD,2,Pair,31,not returned by product.list/get,0,,https://www.alibaba.com/product-detail/Custom-Logo-Breathable-Knit-Slip-On_1601939572948.html,2026-09-04 23:37:53
10000044021584,AAEWjmk4AOWGexecDTURlFCz,True,,2026 New Kids Slip-On Walking Shoes 201 Solid Mesh Lining Spring Autumn Breathable Lightweight Chunky Sole Sneakers OEM ODM,BQ-016,201334413,,approved,Y,6,3,Pink | Zebra Stripe | Black,11,45 | 35 | 43 | 44 | 41 | 42 | 39 | 40 | 38 | 36 | 37,33,STRUCTURED,4,5,not returned by product.list/get,9.09,9.49,USD,2,Pair,31,not returned by product.list/get,0,,https://www.alibaba.com/product-detail/2026-New-Kids-Slip-On-Walking_10000044021584.html,2026-09-05 00:14:59
10000047216427,AAEcjmk4AOWGexecDTURxRDI,True,,Wholesale Model K6689 Breathable Light Weight Knit Slip-On Walking Shoes Rubber Sole Casual Sneakers EU 35-45,BQ051 / K6689,201334413,Slip-On Casual Walking Shoes,approved,Y,6,3,Black/White | All Black | Grey,11,38 | 37 | 36 | 35 | 39 | 43 | 42 | 41 | 40 | 45 | 44,33,STRUCTURED,4,5,not returned by product.list/get,9.09,9.49,USD,2,Pair,31,not returned by product.list/get,0,,https://www.alibaba.com/product-detail/Wholesale-Model-K6689-Breathable-Light-Weight_10000047216427.html,2026-09-05 00:25:35
10000043991998,AAFXjmk4AOWGexecDTURl-Rd,True,,2026 New Striped Knit Slip-On Walking Shoes Ribbed Upper Breathable Chunky Sole Sneakers Spring Autumn Mesh Lining OEM ODM,BQ-022,201334413,,approved,Y,6,3,Black White | Black White Stripe | Light Grey,11,41 | 40 | 43 | 42 | 45 | 44 | 36 | 35 | 37 | 39 | 38,33,STRUCTURED,4,5,not returned by product.list/get,9.09,9.49,USD,2,Pair,31,not returned by product.list/get,0,,https://www.alibaba.com/product-detail/2026-New-Striped-Knit-Slip-On_10000043991998.html,2026-09-05 00:12:40
1601924732369,AAG5jmk4AOWGex-cDVm6oZIy,True,,Wholesale Knit Lace-Up Chunky Sole Walking Shoes EVA Cushion Casual Sneakers with Mesh Lining and Fleece Option,BQ038 / M889,201334413,,approved,Y,6,5,Black/White | White | Black/White Fleece | All Black Fleece | All Black,11,44 | 43 | 35 | 45 | 40 | 39 | 42 | 41 | 37 | 36 | 38,55,STRUCTURED,6,5,not returned by product.list/get,9.09,9.49,USD,2,Pair,31,not returned by product.list/get,0,,https://www.alibaba.com/product-detail/Wholesale-Knit-Lace-Up-Chunky-Sole_1601924732369.html,2026-09-04 23:37:28
1601924347721,AAHVjmk4AOWGex-cDVm6p7Cq,True,,Wholesale Knit Lace-Up Casual Shoes with Mesh Lining Rubber Toe Cap EVA Midsole & Outsole Fleece Option-Walking Sneakers,BQ037 / H7116,201334413,,approved,Y,6,7,Green | Purple | Black/White Fleece | Blue | White | Grey | Black/White,11,43 | 42 | 45 | 44 | 39 | 38 | 41 | 40 | 36 | 35 | 37,72,STRUCTURED,6,5,not returned by product.list/get,9.09,9.49,USD,2,Pair,31,not returned by product.list/get,0,,https://www.alibaba.com/product-detail/Wholesale-Knit-Lace-Up-Casual-Shoes_1601924347721.html,2026-09-04 23:37:24
1601825160204,AAG2jmk4AOWGex-cDVm0vjvv,True,,Wholesale Stretch Fabric Breathable Mesh Lining Low Top Lace-Up Walking Sneakers R1601 Toe Cap Lightweight Casual OEM ODM,BQ-010,201334413,,approved,Y,6,2,White Sole Black | All Black,11,42 | 43 | 40 | 41 | 38 | 39 | 36 | 37 | 35 | 45 | 44,22,STRUCTURED,4,5,not returned by product.list/get,9.09,9.49,USD,2,Pair,31,not returned by product.list/get,0,,https://www.alibaba.com/product-detail/Wholesale-Stretch-Fabric-Breathable-Mesh-Lining_1601825160204.html,2026-09-04 23:30:50
1601839073314,AAGpjmk4AOWGex-cDVm1io_B,True,,Wholesale Spring Summer Breathable Mesh Solid Color Hollow Knit Elastic Lace Slip-On Walking Shoes A218 Lightweight Casual,BQ020 / A218,201334413,,approved,Y,6,4,Black White | All Black | Grey | White,11,41 | 42 | 43 | 44 | 45 | 35 | 36 | 37 | 38 | 39 | 40,44,STRUCTURED,4,5,not returned by product.list/get,9.09,9.49,USD,2,Pair,31,not returned by product.list/get,0,,https://www.alibaba.com/product-detail/Wholesale-Spring-Summer-Breathable-Mesh-Solid_1601839073314.html,2026-09-04 23:35:21
1601825021825,AAF4jmk4AOWGex-cDVm0sBhi,True,,Wholesale Solid Spring Summer Breathable Mesh Athletic Walking Shoes L1009 Stretch Fabric Upper Thick Sole Lightweight Cushion,BQ-008,201334413,,approved,Y,6,4,Black White | All Black | White Black | Grey Green,11,38 | 37 | 36 | 35 | 41 | 40 | 39 | 45 | 44 | 43 | 42,44,STRUCTURED,5,5,not returned by product.list/get,9.09,9.49,USD,2,Pair,31,not returned by product.list/get,0,,https://www.alibaba.com/product-detail/Wholesale-Solid-Spring-Summer-Breathable-Mesh_1601825021825.html,2026-09-04 23:49:58
10000047196608,AAE0jmk4AOWGexecDTURxM4j,True,,Wholesale Model A828 Breathable Light Weight Plastic Knit Lace-Up Casual Walking Shoes Regular Fit EU 35-45 OEM ODM,BQ050 / A828,201334413,,approved,Y,6,6,Black/White | Grey | All Black | Red | Pink | Off White,11,42 | 43 | 44 | 45 | 38 | 39 | 40 | 41 | 35 | 36 | 37,61,STRUCTURED,4,5,not returned by product.list/get,9.09,9.49,USD,2,Pair,31,not returned by product.list/get,0,,https://www.alibaba.com/product-detail/Wholesale-Model-A828-Breathable-Light-Weight_10000047196608.html,2026-09-05 00:23:22
10000047127570,AAHyjmk4AOWGexecDTURx7vx,True,,Wholesale Model BQ041/202 Kids Knit Slip-On Walking Shoes Casual Sneakers EU 31-40 OEM ODM Made in China,BQ041 / 202,201334413,,approved,Y,6,3,Purple | Blue | Black,10,EU 38 | EU 39 | EU 36 | EU 37 | EU 34 | EU 35 | EU 32 | EU 33 | EU 40 | EU 31,30,STRUCTURED,5,5,not returned by product.list/get,9.09,9.49,USD,2,Pair,31342313,not returned by product.list/get,0,,https://www.alibaba.com/product-detail/Wholesale-Model-BQ041-202-Kids-Knit_10000047127570.html,2026-09-05 00:21:19
1601839050756,AAH3jmk4AOWGex-cDVm1ijfn,True,,Wholesale Kids Knit Textile Lace-Up Walking Shoes A811 EU 31-40 OEM ODM Light Weight Anti-Slip Comfort Mesh Solid Spring Autumn,BQ030 / A811,201334413,,approved,Y,6,4,Green | Grey | Purple | Pink,10,36 | 32 | 35 | 33 | 34 | 31 | 40 | 39 | 38 | 37,40,STRUCTURED,4,5,not returned by product.list/get,9.09,9.49,USD,2,Pair,31,not returned by product.list/get,0,,https://www.alibaba.com/product-detail/Wholesale-Kids-Knit-Textile-Lace-Up_1601839050756.html,2026-09-04 23:33:27
10000047175212,AAEDjmk4AOWGexecDTURxHHP,True,,Wholesale Model 8008 Knit Lace-Up Round Toe Chunky Sole EVA Midsole Walking Shoes Regular Fit EU 35-45 OEM ODM,BQ043 / 8008,201334413,,approved,Y,6,4,Black/White | White | All Black | Grey,11,43 | 42 | 45 | 44 | 36 | 35 | 38 | 37 | 40 | 39 | 41,44,STRUCTURED,4,5,not returned by product.list/get,9.09,9.49,USD,2,Pair,31,not returned by product.list/get,0,,https://www.alibaba.com/product-detail/Wholesale-Model-8008-Knit-Lace-Up_10000047175212.html,2026-09-05 00:22:54
10000044034049,AAGEjmk4AOWGexecDTURlI_i,True,,2026 New Quilted Knit Lace-Up Walking Shoes A008 Solid Mesh Lining Breathable Chunky Sole Spring OEM ODM,BQ-017,201334413,,approved,Y,6,4,White | Grey | Black White | All Black,11,45 | 44 | 35 | 43 | 42 | 41 | 40 | 39 | 38 | 37 | 36,44,STRUCTURED,4,5,not returned by product.list/get,9.09,9.49,USD,2,Pair,31,not returned by product.list/get,0,,https://www.alibaba.com/product-detail/2026-New-Quilted-Knit-Lace-Up_10000044034049.html,2026-09-05 00:18:16
1601924792152,AAG1jmk4AOWGex-cDVm6rni7,True,,Wholesale Knit Slip-On Walking Shoes Mesh Lining MD Foam Segmented Sole Lightweight Casual Sneakers for Men,BQ040 / 1689,201334413,,approved,Y,6,3,All Black | Black/White | Grey,7,42 | 43 | 44 | 45 | 39 | 40 | 41,21,STRUCTURED,6,5,not returned by product.list/get,9.09,9.49,USD,2,Pair,31,not returned by product.list/get,0,,https://www.alibaba.com/product-detail/Wholesale-Knit-Slip-On-Walking-Shoes_1601924792152.html,2026-09-04 23:38:12
1601838963947,AAG-jmk4AOWGex-cDVm1jNsI,True,,2026 New All Black Slip-On Knit Walking Shoes BQ-021 Honeycomb Mesh Breathable Wave Sole Lightweight Sneakers OEM Spring/Autumn,BQ-021,201334413,,approved,Y,6,4,All Black | Blue | Black White | Grey,11,42 | 41 | 44 | 43 | 35 | 45 | 37 | 36 | 38 | 40 | 39,44,STRUCTURED,4,5,not returned by product.list/get,9.09,9.49,USD,2,Pair,31,not returned by product.list/get,0,,https://www.alibaba.com/product-detail/2026-New-All-Black-Slip-On_1601838963947.html,2026-09-04 23:33:03
11000037600317,AAHjjmk4AOWGexScDSxl02ve,True,,Wholesale Knit Slip-On Walking Shoes Breathable Mesh Lining Solid Lightweight EVA Sole Casual Shoes for Spring Autumn Men Women,BQ034 / T5505,201334413,Slip-On Casual Walking Shoes,approved,Y,6,3,Black | Brown | Grey,11,35 | 39 | 40 | 37 | 36 | 38 | 43 | 44 | 41 | 42 | 45,33,STRUCTURED,6,5,not returned by product.list/get,9.09,9.49,USD,2,Pair,31,not returned by product.list/get,0,,https://www.alibaba.com/product-detail/Wholesale-Knit-Slip-On-Walking-Shoes_11000037600317.html,2026-09-05 00:27:50
10000043725883,AAG1jmk4AOWGexecDTURi9PY,True,,Wholesale Men Knit Slip-On Walking Shoes Lightweight Breathable Anti-Slip Spring/Autumn Mesh Lining Casual Sneakers OEM ODM,BQ-011,201334413,,approved,Y,6,3,Light Grey | Grey White | Grey Black,7,45 | 43 | 44 | 41 | 42 | 39 | 40,21,STRUCTURED,5,5,not returned by product.list/get,9.09,9.49,USD,2,Pair,31,not returned by product.list/get,0,,https://www.alibaba.com/product-detail/Wholesale-Men-Knit-Slip-On-Walking_10000043725883.html,2026-09-05 00:10:25
10000046705043,AAF6jmk4AOWGexecDTURvU5w,True,,Wholesale Men's Knit Backless Slip-On Mule Shoes Breathable Anti-Slip Mesh Lining Lightweight Casual Walking Clogs Spring Autumn,BQ-035 / A001,201334413,,approved,Y,6,2,Deep Blue | Grey,9,40 | 41 | 42 | 43 | 44 | 45 | 37 | 38 | 39,18,STRUCTURED,6,5,not returned by product.list/get,9.09,9.49,USD,2,Pair,31,not returned by product.list/get,0,,https://www.alibaba.com/product-detail/Wholesale-Men-s-Knit-Backless-Slip_10000046705043.html,2026-09-05 00:22:17
10000047198577,AAGrjmk4AOWGexecDTURxNaS,True,,Wholesale Model A212 Light Weight Breathable Knit Slip-On Walking Shoes with Plastic Outsole and Fleece Option EU 35-45,BQ048 / A212,201334413,,approved,Y,6,8,White/Blue | White | Black/Blue | Black/White Fleece | All Black Fleece | Black/White | All Black | Grey,11,40 | 41 | 42 | 43 | 36 | 37 | 38 | 39 | 44 | 45 | 35,88,STRUCTURED,4,5,not returned by product.list/get,9.09,9.49,USD,2,Pair,31,not returned by product.list/get,0,,https://www.alibaba.com/product-detail/Wholesale-Model-A212-Light-Weight-Breathable_10000047198577.html,2026-09-05 00:24:13
1601839105416,AAFHjmk4AOWGex-cDVm1iwJr,True,,Wholesale Light Weight Breathable Knit Textile Slip-On Biscuit Sole Casual Shoes Spring Autumn 7212 EU 35-45 OEM ODM,BQ028 / 7212,201334413,,approved,Y,6,5,Black White | Grey | Apricot | White | Blue,11,36 | 37 | 38 | 39 | 35 | 44 | 45 | 40 | 41 | 42 | 43,55,STRUCTURED,4,5,not returned by product.list/get,9.09,9.49,USD,2,Pair,31,not returned by product.list/get,0,,https://www.alibaba.com/product-detail/Wholesale-Light-Weight-Breathable-Knit-Textile_1601839105416.html,2026-09-04 23:35:51
1601924292931,AAEAjmk4AOWGex-cDVm6puag,True,,Wholesale High Top Knit Sock Sneakers Slip-On EVA Sole Mesh Lining Casual Walking Shoes for Men and Women,BQ036 / 8025,201334413,,approved,Y,6,2,Black/White | All Black,11,37 | 38 | 35 | 36 | 41 | 42 | 39 | 40 | 45 | 43 | 44,22,STRUCTURED,6,5,not returned by product.list/get,9.09,9.49,USD,2,Pair,31,not returned by product.list/get,0,,https://www.alibaba.com/product-detail/Wholesale-High-Top-Knit-Sock-Sneakers_1601924292931.html,2026-09-04 23:35:49
1601924345456,AAG3jmk4AOWGex-cDVm6p6mT,True,,Wholesale Breathable Knit Lace-Up Casual Walking Shoes Lightweight Spring Autumn Summer Sneakers for Men and Women,BQ033 / T5503,201334413,,approved,Y,6,4,Black | Pink | Off White | Grey,11,35 | 41 | 40 | 43 | 42 | 37 | 36 | 39 | 38 | 44 | 45,44,STRUCTURED,6,5,not returned by product.list/get,9.09,9.49,USD,2,Pair,31,not returned by product.list/get,0,,https://www.alibaba.com/product-detail/Wholesale-Breathable-Knit-Lace-Up-Casual_1601924345456.html,2026-09-04 23:50:34
10000047221334,AAEmjmk4AOWGexecDTURxS21,True,,Wholesale Model 811 Breathable Light Weight Knit Lace-Up Casual Walking Shoes Rubber-Plastic Sole EU 35-45,BQ044 / 811,201334413,Breathable Lace-Up Walking Shoes,approved,Y,6,6,Black/White | All Black | White/Green | White/Grey | White/Purple | White/Pink,11,37 | 38 | 39 | 40 | 35 | 36 | 42 | 43 | 44 | 45 | 41,66,STRUCTURED,4,5,not returned by product.list/get,9.09,9.49,USD,2,Pair,31,not returned by product.list/get,0,,https://www.alibaba.com/product-detail/Wholesale-Model-811-Breathable-Light-Weight_10000047221334.html,2026-09-05 00:26:03
10000044041008,AAGKjmk4AOWGexecDTURlKTT,True,,2026 New Solid Spring Autumn Breathable Knit Lace-Up Walking Shoes Honeycomb Mesh Chunky Cloud Sole Sneakers OEM ODM,BQ-019,201334413,,approved,Y,6,4,Cream | Black | Light Grey | White,11,37 | 38 | 39 | 40 | 41 | 42 | 43 | 44 | 45 | 35 | 36,44,STRUCTURED,4,5,not returned by product.list/get,9.09,9.49,USD,2,Pair,31,not returned by product.list/get,0,,https://www.alibaba.com/product-detail/2026-New-Solid-Spring-Autumn-Breathable_10000044041008.html,2026-09-05 00:18:26
1601924755368,AAEojmk4AOWGex-cDVm6oehL,True,,Wholesale High Top Round Toe Knit Sock Sneakers Slip-On Foamed Midsole Segmented Sole Casual Shoes for Men and Women,BQ039 / 155,201334413,,approved,Y,6,2,Black | Red,11,45 | 44 | 36 | 35 | 41 | 40 | 43 | 42 | 38 | 37 | 39,22,STRUCTURED,6,5,not returned by product.list/get,9.09,9.49,USD,2,Pair,31,not returned by product.list/get,0,,https://www.alibaba.com/product-detail/Wholesale-High-Top-Round-Toe-Knit_1601924755368.html,2026-09-04 23:36:34
10000044011929,AAFDjmk4AOWGexecDTURlDZ6,True,,Wholesale Solid Light Weight Anti-Slip Comfort Lace-Up Walking Shoes T5828 Spring Autumn Casual Shoes OEM ODM,BQ026 / T5828,201334413,,approved,Y,6,5,Black | White | Grey | Red | Pink,11,41 | 40 | 43 | 42 | 45 | 44 | 36 | 35 | 37 | 39 | 38,55,STRUCTURED,4,5,not returned by product.list/get,9.09,9.49,USD,2,Pair,31,not returned by product.list/get,0,,https://www.alibaba.com/product-detail/Wholesale-Solid-Light-Weight-Anti-Slip_10000044011929.html,2026-09-05 00:14:33
1601839062659,AAESjmk4AOWGex-cDVm1illg,True,,Wholesale High Top Knit Textile Slip-On Walking Shoes Breathable Anti-Slip Comfort Spring Autumn A025 EU 35-45 OEM ODM,BQ029 / A025,201334413,,approved,Y,6,2,Black White | All Black,11,35 | 36 | 43 | 44 | 41 | 42 | 39 | 40 | 37 | 38 | 45,22,STRUCTURED,4,5,not returned by product.list/get,9.09,9.49,USD,2,Pair,31,not returned by product.list/get,0,,https://www.alibaba.com/product-detail/Wholesale-High-Top-Knit-Textile-Slip_1601839062659.html,2026-09-04 23:51:12
10000046439033,AAEHjmk4AOWGexecDTURsT2a,True,,Wholesale Breathable Comfort Spring/Autumn Mesh Wide Toe Box Knit Lace-Up Walking Shoes ZX2116 Large Size EU 38-47 OEM ODM,BQ031 / ZX2116,201334413,,approved,Y,6,5,Green | White | Grey | Black | Beige,10,47 | 39 | 40 | 41 | 42 | 43 | 44 | 45 | 46 | 38,50,STRUCTURED,4,5,not returned by product.list/get,9.09,9.49,USD,2,Pair,31,not returned by product.list/get,0,,https://www.alibaba.com/product-detail/Wholesale-Breathable-Comfort-Spring-Autumn-Mesh_10000046439033.html,2026-09-05 00:20:14
10000046653813,AAHXjmk4AOWGexecDTURvIaW,True,,Wholesale Light Weight Breathable Regular Fit Knit Lace-Up Casual Walking Shoes ZX2212 Spring Autumn Large Size EU 38-47 OEM ODM,BQ032 / ZX2212,201334413,,approved,Y,6,6,Black | Black/White | Apricot | Grey | White | Blue,10,47 | 46 | 45 | 44 | 39 | 38 | 43 | 42 | 41 | 40,60,STRUCTURED,4,5,not returned by product.list/get,8.17,9.49,USD,2,Pair,31,not returned by product.list/get,0,,https://www.alibaba.com/product-detail/Wholesale-Light-Weight-Breathable-Regular-Fit_10000046653813.html,2026-09-05 00:20:28
1601814931739,AAENjmk4AOWGex-cDVmzGi74,True,,Wholesale Summer Autumn Breathable Anti-Slip Knit Lace-Up Walking Shoes M8811 Thick EVA Sole Lightweight Casual Sneakers OEM ODM,BQ006 / M8811,201334413,,approved,Y,6,6,All Black | White Purple | White Pink | Black White | White Grey | All White,11,43 | 44 | 41 | 42 | 36 | 37 | 45 | 35 | 40 | 38 | 39,56,STRUCTURED,5,5,not returned by product.list/get,9.09,9.49,USD,2,Pair,31,not returned by product.list/get,0,,https://www.alibaba.com/product-detail/Wholesale-Summer-Autumn-Breathable-Anti-Slip_1601814931739.html,2026-09-04 23:28:34
10000043763325,AAEGjmk4AOWGexecDTURiGGe,True,,2026 New Soft Knit Slip-On Walking Shoes Lightweight Breathable Mesh Spring/Autumn Anti-Slip Solid Color Casual Sneakers OEM ODM,BQ-013,201334413,,approved,Y,6,3,Grey | Black | Wine Red,11,38 | 37 | 40 | 39 | 45 | 44 | 36 | 35 | 41 | 43 | 42,33,STRUCTURED,6,5,not returned by product.list/get,9.09,9.49,USD,2,Pair,31,not returned by product.list/get,0,,https://www.alibaba.com/product-detail/2026-New-Soft-Knit-Slip-On_10000043763325.html,2026-09-05 00:10:52
10000047220568,AAEfjmk4AOWGexecDTURxSC7,True,,Wholesale Model A230 Knit Lace-Up Breathable Walking Shoes Lightweight Plastic Outsole Casual Sneakers for Men and Women,BQ049 / A230,201334413,Breathable Lace-Up Walking Shoes,approved,Y,6,5,Grey | Black/White | White | All Black | Pink,11,35 | 36 | 39 | 40 | 37 | 38 | 43 | 44 | 41 | 42 | 45,50,STRUCTURED,4,5,not returned by product.list/get,9.09,9.49,USD,2,Pair,31,not returned by product.list/get,0,,https://www.alibaba.com/product-detail/Wholesale-Model-A230-Knit-Lace-Up_10000047220568.html,2026-09-05 00:25:57
10000043732626,AAFkjmk4AOWGexecDTURi-lx,True,,2026 New Slip-On Knit Walking Shoes A507 Stretch Fabric Breathable Mesh Solid Spring Chunky EVA Sole Casual Sneakers OEM ODM,BQ-014,201334413,,approved,Y,6,3,White | Black White | Black,11,39 | 38 | 37 | 36 | 35 | 44 | 43 | 42 | 41 | 40 | 45,33,STRUCTURED,6,5,not returned by product.list/get,9.09,9.49,USD,2,Pair,31,not returned by product.list/get,0,,https://www.alibaba.com/product-detail/2026-New-Slip-On-Knit-Walking_10000043732626.html,2026-09-05 00:10:18
10000044007878,AAFejmk4AOWGexecDTURlCYl,True,,2026 New Breathable Mesh Knit Walking Shoes Elastic Lace Chunky Cloud Sole Lavender Sneakers OEM ODM Spring Autumn,BQ-018,201334413,,approved,Y,6,4,Lavender | Cream | Black | Black White,11,38 | 39 | 40 | 41 | 42 | 43 | 44 | 45 | 35 | 36 | 37,44,STRUCTURED,4,5,not returned by product.list/get,9.09,9.49,USD,2,Pair,31,not returned by product.list/get,0,,https://www.alibaba.com/product-detail/2026-New-Breathable-Mesh-Knit-Walking_10000044007878.html,2026-09-05 00:13:00
1601815020244,AAEkjmk4AOWGex-cDVmzG4U3,True,,Wholesale Spring Autumn Hollow Knit Lace-Up Walking Mesh Lining Breathable Lightweight Casual Sneakers A503 OEM ODM,BQ005 / A503,201334413,,approved,Y,6,4,Black | White | Grey | Pink,11,35 | 36 | 37 | 38 | 39 | 40 | 41 | 42 | 43 | 44 | 45,44,STRUCTURED,5,5,not returned by product.list/get,9.09,9.49,USD,2,Pair,31,not returned by product.list/get,0,,https://www.alibaba.com/product-detail/Wholesale-Spring-Autumn-Hollow-Knit-Lace_1601815020244.html,2026-09-04 23:31:40
10000047187673,AAEejmk4AOWGexecDTURxKE6,True,,Wholesale Model A155 High Top Knit Slip-On Sock Sneakers Breathable Light Weight Plastic Outsole for Men and Women EU 35-45,BQ046 / A155,201334413,,approved,Y,6,3,All Black | Red | Black/White,11,44 | 45 | 35 | 36 | 40 | 41 | 42 | 43 | 37 | 38 | 39,33,STRUCTURED,4,5,not returned by product.list/get,9.09,9.49,USD,2,Pair,31,not returned by product.list/get,0,,https://www.alibaba.com/product-detail/Wholesale-Model-A155-High-Top-Knit_10000047187673.html,2026-09-05 00:23:04
10000047201716,AAF0jmk4AOWGexecDTURxNpX,True,,Wholesale Model 9212 Breathable Light Weight Knit Lace-Up Bubble Sole Casual Walking Shoes Regular Fit EU 38-47 OEM ODM,BQ052 / 9212,201334413,,approved,Y,6,4,Black/Apricot | All Black | White | Apricot,10,43 | 44 | 41 | 42 | 47 | 38 | 45 | 46 | 39 | 40,40,STRUCTURED,4,5,not returned by product.list/get,9.09,9.49,USD,2,Pair,31,not returned by product.list/get,0,,https://www.alibaba.com/product-detail/Wholesale-Model-9212-Breathable-Light-Weight_10000047201716.html,2026-09-05 00:24:12
10000044041031,AAHbjmk4AOWGexecDTURlKSk,True,,Wholesale Light Weight Anti-Slip Knit Textile Slip-On Walking Shoes A830 Mesh Lining Spring/Autumn Casual Shoes EU 37-45 OEM ODM,BQ024 / A830,201334413,,approved,Y,6,4,Beige Grey | Black Yellow | Black White | All Black,9,45 | 44 | 38 | 37 | 40 | 39 | 41 | 43 | 42,36,STRUCTURED,4,5,not returned by product.list/get,9.09,9.49,USD,2,Pair,31,not returned by product.list/get,0,,https://www.alibaba.com/product-detail/Wholesale-Light-Weight-Anti-Slip-Knit_10000044041031.html,2026-09-05 00:19:58
10000043744505,AAE8jmk4AOWGexecDTURiBsa,True,,Wholesale Breathable Knit Chunky Walking Shoes M8506 Lightweight Cushion Midsole Mesh Solid Spring Autumn Casual Sneakers OEM,BQ-012,201334413,,approved,Y,6,3,Black Black | Black White | Red White,6,42 | 43 | 40 | 41 | 44 | 39,18,STRUCTURED,5,5,not returned by product.list/get,9.09,9.49,USD,2,Pair,31,not returned by product.list/get,0,,https://www.alibaba.com/product-detail/Wholesale-Breathable-Knit-Chunky-Walking-Shoes_10000043744505.html,2026-09-05 00:10:46
10000047392343,AAG3jmk4AOWGexecDTURw8G0,True,,Wholesale Model A1888 High Top Knit Sock Sneakers Slip-On Cushion Sole Casual Walking Shoes EU 35-45,BQ059 / A1888,201334413,High Top & Sock Sneakers,approved,Y,6,2,All Black | Black/White,11,44 | 45 | 42 | 43 | 36 | 37 | 35 | 40 | 41 | 38 | 39,22,STRUCTURED,4,5,not returned by product.list/get,9.09,9.49,USD,2,Pair,31,not returned by product.list/get,0,,https://www.alibaba.com/product-detail/Wholesale-Model-A1888-High-Top-Knit_10000047392343.html,2026-09-05 00:27:07
10000047208726,AAE2jmk4AOWGexecDTURxP71,True,,Wholesale Model A189 Men's High Top Knit Slip-On Shoes Breathable Light Weight Plastic EVA Blend Sole Casual Sock Sneakers,BQ047 / A189,201334413,High Top & Sock Sneakers,approved,Y,6,2,Black/White | Black/Black,7,40 | 41 | 39 | 44 | 45 | 42 | 43,14,STRUCTURED,4,5,not returned by product.list/get,9.09,9.49,USD,2,Pair,31,not returned by product.list/get,0,,https://www.alibaba.com/product-detail/Wholesale-Model-A189-Men-s-High_10000047208726.html,2026-09-05 00:25:21
10000047396313,AAFOjmk4AOWGexecDTURw9I6,True,,Wholesale Model A350 Knit Lace-Up Casual Walking Shoes Lightweight Rubber-Plastic Sole Sneakers EU 35-45,BQ060 / A350,201334413,Breathable Lace-Up Walking Shoes,approved,Y,6,3,Black/White | All Black | Off White,11,45 | 44 | 43 | 42 | 38 | 37 | 36 | 35 | 41 | 40 | 39,33,STRUCTURED,4,5,not returned by product.list/get,9.09,9.49,USD,2,Pair,31,not returned by product.list/get,0,,https://www.alibaba.com/product-detail/Wholesale-Model-A350-Knit-Lace-Up_10000047396313.html,2026-09-05 00:27:35
10000047356491,AAEnjmk4AOWGexecDTURwz2o,True,,Wholesale Model AA811 Breathable Knit Lace-Up Walking Shoes Lightweight Cushion Sole Casual Sneakers EU 35-45,BQ061 / AA811,201334413,Breathable Lace-Up Walking Shoes,approved,Y,6,4,Floating Gold | Plant Grey | Spring Green | Cool White,11,35 | 37 | 38 | 39 | 40 | 44 | 45 | 36 | 41 | 42 | 43,44,STRUCTURED,4,5,not returned by product.list/get,9.09,9.49,USD,2,Pair,31,not returned by product.list/get,0,,https://www.alibaba.com/product-detail/Wholesale-Model-AA811-Breathable-Knit-Lace_10000047356491.html,2026-09-05 00:26:58
10000047307924,AAEzjmk4AOWGexecDTURwnt3,True,,Wholesale Model 1888 High Top Knit Sock Sneakers PU Segmented Sole Casual Shoes with Fleece Option,BQ053 / 1888,201334413,High Top & Sock Sneakers,approved,Y,6,4,Black/White Fleece | All Black Fleece | All Black | Black/White,11,42 | 41 | 40 | 39 | 35 | 45 | 44 | 43 | 38 | 37 | 36,44,STRUCTURED,4,5,not returned by product.list/get,9.09,9.49,USD,2,Pair,31,not returned by product.list/get,0,,https://www.alibaba.com/product-detail/Wholesale-Model-1888-High-Top-Knit_10000047307924.html,2026-09-05 00:26:32
10000043200726,AAEOjmk4AOWGexecDTURg9c1,True,,Wholesale Breathable Knit Lace-Up Walking Shoes R1218 Lightweight EVA Sole Casual Sneakers OEM ODM,BQ003 / R1218,201334413,,approved,Y,6,5,Grey | Pink | Black White | All Black | White,11,35 | 36 | 37 | 38 | 39 | 40 | 41 | 42 | 43 | 44 | 45,55,STRUCTURED,6,5,not returned by product.list/get,9.09,9.49,USD,2,Pair,31,not returned by product.list/get,0,,https://www.alibaba.com/product-detail/Wholesale-Breathable-Knit-Lace-Up-Walking_10000043200726.html,2026-09-05 00:09:29
10000047166193,AAEqjmk4AOWGexecDTURxFUS,True,,Wholesale Model 206 Knit Lace-Up Walking Shoes Regular Fit Casual Sneakers EU 35-45 OEM ODM,BQ042 / 206,201334413,,approved,Y,6,3,Black/White | All Black | Beige,11,EU 37 | EU 38 | EU 39 | EU 40 | EU 41 | EU 42 | EU 43 | EU 44 | EU 35 | EU 36 | EU 45,33,STRUCTURED,4,5,not returned by product.list/get,9.09,9.49,USD,2,Pair,31,not returned by product.list/get,0,,https://www.alibaba.com/product-detail/Wholesale-Model-206-Knit-Lace-Up_10000047166193.html,2026-09-05 00:22:17
10000044024484,AAE_jmk4AOWGexecDTURlGVH,True,,Wholesale Low Cut Knit Textile Slip-On Walking Shoes A1689 Casual Shoes EU 35-45 OEM ODM,BQ025 / A1689,201334413,,approved,Y,6,2,Black White | All Black,11,40 | 39 | 42 | 41 | 44 | 43 | 35 | 45 | 36 | 38 | 37,22,STRUCTURED,4,5,not returned by product.list/get,9.09,9.49,USD,2,Pair,31,not returned by product.list/get,0,,https://www.alibaba.com/product-detail/Wholesale-Low-Cut-Knit-Textile-Slip_10000044024484.html,2026-09-05 00:16:23
10000044004948,AAHbjmk4AOWGexecDTURlBG3,True,,Wholesale Soft Knit Slip-On Walking Shoes A505 Breathable Thick Sole Casual Sneakers OEM ODM,BQ023 / A505,201334413,,approved,Y,6,3,Black | Grey | Brown,11,36 | 35 | 38 | 37 | 40 | 39 | 41 | 43 | 42 | 45 | 44,33,STRUCTURED,4,5,not returned by product.list/get,9.09,9.49,USD,2,Pair,31,not returned by product.list/get,0,,https://www.alibaba.com/product-detail/Wholesale-Soft-Knit-Slip-On-Walking_10000044004948.html,2026-09-05 00:12:31
10000044028277,AAGfjmk4AOWGexecDTURlHaW,True,,Wholesale Knit Textile Lace Detail Casual Walking Shoes K6116 OEM ODM,BQ027 / K6116,201334413,,approved,Y,6,4,Grey | Black White | Cream | Black,11,40 | 39 | 42 | 41 | 44 | 43 | 45 | 36 | 35 | 38 | 37,44,STRUCTURED,4,5,not returned by product.list/get,9.09,9.49,USD,2,Pair,31,not returned by product.list/get,0,,https://www.alibaba.com/product-detail/Wholesale-Knit-Textile-Lace-Detail-Casual_10000044028277.html,2026-09-05 00:16:45
1601825070472,AAFDjmk4AOWGex-cDVm0sNpr,True,,Wholesale Slip-On Knit Walking Shoes L0017 Breathable Cushioned Lightweight Casual Sneakers OEM ODM,BQ-007,201334413,,approved,Y,6,5,White | White Khaki | Orange | Black White | All Black,11,45 | 44 | 43 | 38 | 37 | 36 | 35 | 42 | 41 | 40 | 39,55,STRUCTURED,5,5,not returned by product.list/get,9.09,9.49,USD,2,Pair,31,not returned by product.list/get,0,,https://www.alibaba.com/product-detail/Wholesale-Slip-On-Knit-Walking-Shoes_1601825070472.html,2026-09-04 23:26:46
1601825074604,AAE3jmk4AOWGex-cDVm0sOpP,True,,Wholesale Breathable Mesh Athletic Walking Shoes L1026 Thick Sole Lightweight Casual Sneakers OEM ODM,BQ-009,201334413,,approved,Y,6,4,All Black | Mint Green | Black White | Orange,11,38 | 37 | 40 | 39 | 45 | 44 | 36 | 35 | 41 | 43 | 42,44,STRUCTURED,5,5,not returned by product.list/get,9.09,9.49,USD,2,Pair,31,not returned by product.list/get,0,,https://www.alibaba.com/product-detail/Wholesale-Breathable-Mesh-Athletic-Walking-Shoes_1601825074604.html,2026-09-04 23:31:40
10000043201799,AAG4jmk4AOWGexecDTURg9Lk,True,,Wholesale Slip-On Knit Walking Shoes A502 Lightweight Flexible Breathable Casual Loafers OEM ODM,BQ-004,201334413,,approved,Y,6,4,Grey Black | Light Blue | Orange Black | Black White,11,37 | 36 | 39 | 38 | 35 | 45 | 44 | 41 | 40 | 43 | 42,44,STRUCTURED,5,5,not returned by product.list/get,9.09,9.49,USD,2,Pair,31,not returned by product.list/get,0,,https://www.alibaba.com/product-detail/Wholesale-Slip-On-Knit-Walking-Shoes_10000043201799.html,2026-09-05 00:09:50
10000042896165,AAH4jmk4AOWGexecDTURhyzG,True,,Wholesale Extra Wide Toe Box Walking Shoes Stretch Knit Breathable Lightweight Comfort Sneakers OEM ODM,BQ-002,201334413,,approved,Y,6,3,Grey Black | Grey White | Grey Khaki,11,36 | 37 | 38 | 39 | 40 | 41 | 42 | 43 | 44 | 45 | 46,33,STRUCTURED,6,5,not returned by product.list/get,9.19,9.49,USD,2,Pair,,not returned by product.list/get,0,,https://www.alibaba.com/product-detail/Wholesale-Extra-Wide-Toe-Box-Walking_10000042896165.html,2026-09-05 00:07:59
10000042821848,AAFPjmk4AOWGexecDTURhg87,True,,Wholesale Men Wide Toe Box Slip-On Walking Shoes Breathable Stretch Knit Lightweight Casual Sneakers OEM ODM,BQ-001,201334413,,approved,Y,6,3,Black | White | Ivory,11,36 | 37 | 43 | 44 | 45 | 46 | 38 | 39 | 40 | 41 | 42,33,STRUCTURED,6,5,not returned by product.list/get,7.69,9.49,USD,2,Pair,31,not returned by product.list/get,0,,https://www.alibaba.com/product-detail/Wholesale-Men-Wide-Toe-Box-Slip_10000042821848.html,2026-09-05 00:08:07
