label,asset_id,source_file,normalized_file,width,height,source_sha256,source_url
M01,1e266761b02f82e2,1e266761b02f82e2.jpg!bac,M01.jpg,790,790,d7ae5e401537c37c15cb9da87dd0e7e89fcb43315f46945dbba2dbac895acc72,https://images.xiecdn.com/shunheng/faq82h47kfsvwp2g3u6vdg1xmd6aqcq1.jpg!bac
M02,c1e95bfcc0e22002,c1e95bfcc0e22002.jpg!bac,M02.jpg,800,800,a84be999b1c84d02e6ac9f94bb45586046536767c0192544fe31cda075b11c30,https://images.xiecdn.com/shunheng/kwzxfhzabmsea81supskdysdb72x8pnv.jpg!bac
M03,00ceb7acebbc99dd,00ceb7acebbc99dd.jpg!bac,M03.jpg,800,800,a892269a1228afef141969f84257271a663f1cbd18c3e008ce1ef00979862efd,https://images.xiecdn.com/shunheng/hwu24zq7wb17dhyyvcu6g1ej3ejn95e1.jpg!bac
M04,a3db3aab5f2fe66a,a3db3aab5f2fe66a.jpg!bac,M04.jpg,800,800,d3243ea9a2f242fc18f5cd868b2a6de870feccb2bd318fb5b71f69181614742d,https://images.xiecdn.com/shunheng/125x33np3b15kz4bhb8j2nxwmidj8ejx.jpg!bac
M05,a6872ce716db3413,a6872ce716db3413.jpg!bac,M05.jpg,800,800,0a342431b79dfbb0fbb53ca811ddcc008d80891dea766f879909824212ea46fe,https://images.xiecdn.com/shunheng/3zi31cwxbd12qmbob5fip2s9dxg0raxd.jpg!bac
D01,b04ccc8599130dc3,b04ccc8599130dc3,D01.jpg,790,790,4e7f58824eaced0be6275b9e411f8301978f46d0fcdb83b3899d2cdc49113b19,https://images.xiecdn.com/shunheng/9ity2r8yivlomtc05sjh9cl0dqii44y4.jpg!/format/webp
D02,233451bf2f8469f5,233451bf2f8469f5,D02.jpg,790,790,798a0c2ebaa51d944309ce20c1c408bd0bf2fcca8cdb2e5aa6590eb83da8eb8d,https://images.xiecdn.com/shunheng/pswhrr23lh6otuaw1lzfmedbp77g11fi.jpg!/format/webp
D03,f40f9213e03a47ec,f40f9213e03a47ec,D03.jpg,750,750,42b18c8d51baadf7ae0d58fe282093e224c6cad49bfa2ab9faab46f5b0ac44ac,https://images.xiecdn.com/shunheng/0onawnvh4m2v69ufh9f2v4sbxu2y9f25.jpg!/format/webp
D04,c8be87f2761358f8,c8be87f2761358f8,D04.jpg,790,790,6cb4261dcd92f06f62186bcdd075daf808801099bdfd52420a34fe7741acc616,https://images.xiecdn.com/shunheng/9s9bibyzq13qbic9a4s3mhpctqe0xntr.jpg!/format/webp
D05,d24e8eea18429fc0,d24e8eea18429fc0,D05.jpg,790,790,408f9fa169af49b3126b4f4ac4634c29b2f9a416b5cc5395f7474dc51ff19a78,https://images.xiecdn.com/shunheng/yvpn8ex8xst0bmlqg7pvwx503g3cl55c.jpg!/format/webp
D06,f0f224cb2548f6ef,f0f224cb2548f6ef,D06.jpg,790,790,d0da9cccd4957afde4d9cbe8089505a53b909bb602ae9fc8d071af810e2bcbbf,https://images.xiecdn.com/shunheng/z4bw2864fweraiua84f6mezvidns9zgr.jpg!/format/webp
D07,4cd8e2c79edff429,4cd8e2c79edff429,D07.jpg,790,790,8c11b65bcad5ab148cf6b924f3385a54dce3798eff8898ca9f9b94cc2a73864b,https://images.xiecdn.com/shunheng/qgnkd9wdglwuatf71n91m0okt91cwies.jpg!/format/webp
D08,8e09b0c046fc9bdf,8e09b0c046fc9bdf,D08.jpg,790,790,0051c416d88fc018aa6fb3d28bf1636d7a4e139cb10f80cbc24b768507286361,https://images.xiecdn.com/shunheng/vp0r5g6jxs5xqoimqbjrxc73ccmk2ieu.jpg!/format/webp
D09,b381addb30cf2876,b381addb30cf2876,D09.jpg,790,790,7545d04f4a03ad049e0f983f5a35e66a9caadc127f4736cfda37659de1528e56,https://images.xiecdn.com/shunheng/r1ee0sjzfkaq1q6u0kok3rgz03emprhs.jpg!/format/webp
D10,b1a4625b8136f409,b1a4625b8136f409,D10.jpg,790,790,d3e60a44c6d61a4b1883c9641f1633bfe6e78d0d6015f3b78160be763a4664f4,https://images.xiecdn.com/shunheng/2wudmfz53osziwq2wsze9gsgo9z6aayr.jpg!/format/webp
D11,e20b92929bc17eaf,e20b92929bc17eaf,D11.jpg,790,790,f92d1ceb7009efc2d4a7ddb9b4e39786d8d87f5795c1ed820c3fbd16e17d5c55,https://images.xiecdn.com/shunheng/bkretdaja5hakxjt14hh7rxjw1ah4ak4.jpg!/format/webp
D12,d753217dbb572160,d753217dbb572160,D12.jpg,750,750,17082b9e559bc425288289b4157154a0228ba21f069be9c4f32b2723b6adc0d3,https://images.xiecdn.com/shunheng/oj6d296wt1xkya45d5wxfe9urfys8mm2.jpg!/format/webp
D13,a4029f61e0b2e2db,a4029f61e0b2e2db,D13.jpg,790,790,e46489e73eb2d8c68e75ba51885ecaac9c62f74f77c75eb8195f68a959b0ff0b,https://images.xiecdn.com/shunheng/jp39trx1gvb1hsnydae1gzgddcbokha2.jpg!/format/webp
D14,3564deabbcc30b87,3564deabbcc30b87,D14.jpg,790,790,6e7e17fbec02b001f8d5fd7bce82dc0242e395d9c09a4188cc07f14bc4dcdbf5,https://images.xiecdn.com/shunheng/th8detoi0nfb4hjpv0hgbdly4ki2d7b9.jpg!/format/webp
D15,7d428a8f35f455b2,7d428a8f35f455b2,D15.jpg,790,790,ce40e26185379b0543687f8124401b4c3349d4ea0d22ef7ab718edbca5b4aafd,https://images.xiecdn.com/shunheng/e0umituycwncfxwwqg6jp63x4rms11u8.jpg!/format/webp
D16,e1fd9e91689f37e0,e1fd9e91689f37e0,D16.jpg,790,790,42c20c703476d626f0f41b03698b1d2318662140b18e45e4c0da2abbd769a502,https://images.xiecdn.com/shunheng/152nvvtxyrgbpcduppudu0cu6xpbudxw.jpg!/format/webp
D17,75f48cbad1e9613b,75f48cbad1e9613b,D17.jpg,790,790,d9b9769ba91510e571e94a154ab755505a0151dee5a71e4b15550cd315400062,https://images.xiecdn.com/shunheng/lb1io8rjbmnoji9sj3qqu4v08cv0g5un.jpg!/format/webp
D18,a4e4e33ceb2ff830,a4e4e33ceb2ff830,D18.jpg,790,790,aa76c93785d56d958773d3c9d5c593956f744755c5952af61e66a3a0cb0e76bf,https://images.xiecdn.com/shunheng/qcfan7fwghsfmwg5ro9hzm4rf6hsl89v.jpg!/format/webp
D19,01eb1e6463ba3966,01eb1e6463ba3966,D19.jpg,790,790,7f8e4124fb2d888b23e92eff3b68b23c064ecb52a7c8c9800719a797b4b4c701,https://images.xiecdn.com/shunheng/a1ier1w51om0lrg86ooio8zdcfe8qbdj.jpg!/format/webp
D20,38ee7c2d8577404c,38ee7c2d8577404c,D20.jpg,790,790,1c5027914ac04d4843c3ac81b19f640fe0f7335e5d440dab3f4e505bd8f8c359,https://images.xiecdn.com/shunheng/w82s6adxrlrbq84xh634zowxyfhcenyi.jpg!/format/webp
D21,27ea5a4da14c9efe,27ea5a4da14c9efe,D21.jpg,790,790,cb652c95c0e8744ca927f579c0db20d9018b73b39b9f63548c5b8516d0300c20,https://images.xiecdn.com/shunheng/mlds8uq1y4r75zhca55cqapj6mjw5gsf.jpg!/format/webp
D22,64dfcc1368533bb5,64dfcc1368533bb5,D22.jpg,790,790,b5be376f1882ba0876d3afeaa71e3431c2faba3bd555abe5bf62733f98c31a37,https://images.xiecdn.com/shunheng/kp49lykcp6vylrcu2ixi5n26a5zusu7n.jpg!/format/webp
D23,7813a9b29b554320,7813a9b29b554320,D23.jpg,790,790,d78567e2ce85d42b1b07ed08a7073df3d0e45f409e2732b5d55480ed7ba7f3d3,https://images.xiecdn.com/shunheng/ucskdtl4bkmv0l6n2tlyk3x5a2e33ncn.jpg!/format/webp
D24,36bc58b77f534a3c,36bc58b77f534a3c,D24.jpg,790,790,177b09927e930e49b645e1a28a95340cd17acdda5dc98c4397a2603f06e46e06,https://images.xiecdn.com/shunheng/jq1e6vw0pkngt6gamxtj72ua9cibdsz2.jpg!/format/webp
D25,3451c2d0d23d6617,3451c2d0d23d6617,D25.jpg,790,790,e1684bebce485798fc9ca36e802444bd320748aa4e9bbcc494dd030b78f19427,https://images.xiecdn.com/shunheng/kb31xwp7pt7mo2ilydr2e71htddc3o09.jpg!/format/webp
D26,a39329eed7b32b0b,a39329eed7b32b0b,D26.jpg,790,790,98b0e675c22353996b685372b7e0f18d8d41b7f62acc468e67a7af304bf4661e,https://images.xiecdn.com/shunheng/f77n0syf32puf8y90xghbi92rfpj7tzd.jpg!/format/webp
D27,2e86d4f0e2576f1f,2e86d4f0e2576f1f,D27.jpg,790,790,e76f2377d9d1b109d198fd60cdd5e383343fdbe1e3f8178905d4d455490b316e,https://images.xiecdn.com/shunheng/lkeohuqsukm9k5wxsg9fiinvdabyr88q.jpg!/format/webp
D28,28258784a3505f9d,28258784a3505f9d,D28.jpg,790,790,55e339c2afdd32da6e7016f5580eec0b007e2e45ba9e475f95604e203eb19c65,https://images.xiecdn.com/shunheng/besuwydgby8od49lkkohexe5g0dsvsm1.jpg!/format/webp
