source_bq,source_artno,link_code,model_number,buyer_intent,keyword_cluster,title,title_length,verified_core,facts_source
BQ001,BQ001,BQ001-O1,BQ001-O1 / BQ001,OEM ODM custom logo and private-label sourcing,custom logo wide toe box walking shoes; OEM shoes; private label footwear supplier,Custom Logo Breathable Knit Slip-On Wide Toe Box Walking Shoes Lightweight EVA Sole OEM ODM Private Label Model BQ001,117,Breathable Knit Slip-On Wide Toe Box Walking Shoes Lightweight EVA Sole,E:\贝强大文件\01_产品资产\02_可发布素材\00_最终上传\BQ001_数据包1\00_上架填写表.md
BQ001,BQ001,BQ001-R1,BQ001-R1 / BQ001,Travel Commuting and Daily Walking,wide toe box walking shoes; wide fit walking sneakers; travel commuting and daily walking,Breathable Knit Slip-On Wide Toe Box Walking Shoes Lightweight EVA Sole for Travel Commuting and Daily Walking Model BQ001,122,Breathable Knit Slip-On Wide Toe Box Walking Shoes Lightweight EVA Sole,E:\贝强大文件\01_产品资产\02_可发布素材\00_最终上传\BQ001_数据包1\00_上架填写表.md
BQ001,BQ001,BQ001-W1,BQ001-W1 / BQ001,Core wholesale sourcing,wholesale wide toe box walking shoes; factory supply wide fit walking sneakers; bulk knit comfort walking shoes,Wholesale Breathable Knit Slip-On Wide Toe Box Walking Shoes Lightweight EVA Sole Factory Supply Model BQ001,108,Breathable Knit Slip-On Wide Toe Box Walking Shoes Lightweight EVA Sole,E:\贝强大文件\01_产品资产\02_可发布素材\00_最终上传\BQ001_数据包1\00_上架填写表.md
BQ002,BQ002,BQ002-O1,BQ002-O1 / BQ002,OEM ODM custom logo and private-label sourcing,custom logo wide toe box walking shoes; OEM shoes; private label footwear supplier,Custom Logo Lightweight Knit Slip-On Wide Toe Box Walking Shoes EVA Sole OEM ODM Private Label Footwear Supplier Model BQ002,124,Lightweight Knit Slip-On Wide Toe Box Walking Shoes EVA Sole,E:\贝强大文件\01_产品资产\02_可发布素材\00_最终上传\BQ002_数据包2\00_上架填写表.md
BQ002,BQ002,BQ002-R1,BQ002-R1 / BQ002,Travel Commuting and Daily Walking,wide toe box walking shoes; wide fit walking sneakers; travel commuting and daily walking,Lightweight Knit Slip-On Wide Toe Box Walking Shoes EVA Sole for Travel Commuting and Daily Walking Model BQ002,111,Lightweight Knit Slip-On Wide Toe Box Walking Shoes EVA Sole,E:\贝强大文件\01_产品资产\02_可发布素材\00_最终上传\BQ002_数据包2\00_上架填写表.md
BQ002,BQ002,BQ002-W1,BQ002-W1 / BQ002,Core wholesale sourcing,wholesale wide toe box walking shoes; factory supply wide fit walking sneakers; bulk knit comfort walking shoes,Wholesale Lightweight Knit Slip-On Wide Toe Box Walking Shoes EVA Sole Factory Supply Model BQ002,97,Lightweight Knit Slip-On Wide Toe Box Walking Shoes EVA Sole,E:\贝强大文件\01_产品资产\02_可发布素材\00_最终上传\BQ002_数据包2\00_上架填写表.md
BQ003,R1218,BQ003-O1,BQ003-O1 / R1218,OEM ODM custom logo and private-label sourcing,custom logo lace up walking shoes; OEM shoes; private label footwear supplier,Custom Logo Breathable Knit Lace-Up Walking Shoes Lightweight EVA Sole Casual Sneakers OEM ODM Private Label Model R1218,120,Breathable Knit Lace-Up Walking Shoes Lightweight EVA Sole Casual Sneakers,E:\贝强大文件\01_产品资产\02_可发布素材\00_最终上传\BQ003_R1218\00_上架填写表.md
BQ003,R1218,BQ003-R1,BQ003-R1 / R1218,Summer Daily Walking and Casual Wear,lace up walking shoes; knit casual sneakers; summer daily walking and casual wear,Breathable Knit Lace-Up Walking Shoes Lightweight EVA Sole Casual Sneakers for Summer Daily Walking and Casual Wear Model R1218,127,Breathable Knit Lace-Up Walking Shoes Lightweight EVA Sole Casual Sneakers,E:\贝强大文件\01_产品资产\02_可发布素材\00_最终上传\BQ003_R1218\00_上架填写表.md
BQ003,R1218,BQ003-W1,BQ003-W1 / R1218,Core wholesale sourcing,wholesale lace up walking shoes; factory supply knit casual sneakers; bulk breathable walking shoes,Wholesale Breathable Knit Lace-Up Walking Shoes Lightweight EVA Sole Casual Sneakers Factory Supply Model R1218,111,Breathable Knit Lace-Up Walking Shoes Lightweight EVA Sole Casual Sneakers,E:\贝强大文件\01_产品资产\02_可发布素材\00_最终上传\BQ003_R1218\00_上架填写表.md
BQ004,A502,BQ004-O1,BQ004-O1 / A502,OEM ODM custom logo and private-label sourcing,custom logo lace up walking shoes; OEM shoes; private label footwear supplier,Custom Logo Lightweight Knit Lace-Up Walking Shoes Breathable Casual Sneakers EVA Sole OEM ODM Private Label Model A502,119,Lightweight Knit Lace-Up Walking Shoes Breathable Casual Sneakers EVA Sole,E:\贝强大文件\01_产品资产\02_可发布素材\00_最终上传\BQ004_A502\00_上架填写表.md
BQ004,A502,BQ004-R1,BQ004-R1 / A502,Travel Commuting and Daily Wear,lace up walking shoes; knit casual sneakers; travel commuting and daily wear,Lightweight Knit Lace-Up Walking Shoes Breathable Casual Sneakers EVA Sole for Travel Commuting and Daily Wear Model A502,121,Lightweight Knit Lace-Up Walking Shoes Breathable Casual Sneakers EVA Sole,E:\贝强大文件\01_产品资产\02_可发布素材\00_最终上传\BQ004_A502\00_上架填写表.md
BQ004,A502,BQ004-W1,BQ004-W1 / A502,Core wholesale sourcing,wholesale lace up walking shoes; factory supply knit casual sneakers; bulk breathable walking shoes,Wholesale Lightweight Knit Lace-Up Walking Shoes Breathable Casual Sneakers EVA Sole Factory Supply Model A502,110,Lightweight Knit Lace-Up Walking Shoes Breathable Casual Sneakers EVA Sole,E:\贝强大文件\01_产品资产\02_可发布素材\00_最终上传\BQ004_A502\00_上架填写表.md
BQ005,A503,BQ005-O1,BQ005-O1 / A503,OEM ODM custom logo and private-label sourcing,custom logo lace up walking shoes; OEM shoes; private label footwear supplier,Custom Logo Summer Hollow Knit Lace-Up Walking Shoes Breathable Casual Sneakers EVA Sole OEM ODM Private Label Model A503,121,Summer Hollow Knit Lace-Up Walking Shoes Breathable Lightweight Casual Sneakers EVA Sole,E:\贝强大文件\01_产品资产\02_可发布素材\00_最终上传\BQ005_A503\00_上架填写表.md
BQ005,A503,BQ005-R1,BQ005-R1 / A503,Daily Walking and Casual Wear,lace up walking shoes; knit casual sneakers; daily walking and casual wear,Summer Hollow Knit Lace-Up Walking Shoes Breathable Lightweight Casual Sneakers EVA Sole for Daily Walking Model A503,117,Summer Hollow Knit Lace-Up Walking Shoes Breathable Lightweight Casual Sneakers EVA Sole,E:\贝强大文件\01_产品资产\02_可发布素材\00_最终上传\BQ005_A503\00_上架填写表.md
BQ005,A503,BQ005-W1,BQ005-W1 / A503,Core wholesale sourcing,wholesale lace up walking shoes; factory supply knit casual sneakers; bulk breathable walking shoes,Wholesale Summer Hollow Knit Lace-Up Walking Shoes Breathable Lightweight Casual Sneakers EVA Sole Factory Supply Model A503,124,Summer Hollow Knit Lace-Up Walking Shoes Breathable Lightweight Casual Sneakers EVA Sole,E:\贝强大文件\01_产品资产\02_可发布素材\00_最终上传\BQ005_A503\00_上架填写表.md
BQ006,M8811,BQ006-O1,BQ006-O1 / M8811,OEM ODM custom logo and private-label sourcing,custom logo lace up walking shoes; OEM shoes; private label footwear supplier,Custom Logo Breathable Knit Lace-Up Walking Shoes Lightweight Chunky EVA Sole Casual Sneakers OEM ODM Private Label Model M8811,127,Breathable Knit Lace-Up Walking Shoes Lightweight Chunky EVA Sole Casual Sneakers,E:\贝强大文件\01_产品资产\02_可发布素材\00_最终上传\BQ006_M8811\00_上架填写表.md
BQ006,M8811,BQ006-R1,BQ006-R1 / M8811,Daily Walking and Seasonal Casual Collections,lace up walking shoes; knit casual sneakers; daily walking and seasonal casual collections,Breathable Knit Lace-Up Walking Shoes Chunky EVA Sole Sneakers for Daily Walking and Seasonal Collections Model M8811,117,Breathable Knit Lace-Up Walking Shoes Lightweight Chunky EVA Sole Casual Sneakers,E:\贝强大文件\01_产品资产\02_可发布素材\00_最终上传\BQ006_M8811\00_上架填写表.md
BQ006,M8811,BQ006-W1,BQ006-W1 / M8811,Core wholesale sourcing,wholesale lace up walking shoes; factory supply knit casual sneakers; bulk breathable walking shoes,Wholesale Breathable Knit Lace-Up Walking Shoes Lightweight Chunky EVA Sole Casual Sneakers Factory Supply Model M8811,118,Breathable Knit Lace-Up Walking Shoes Lightweight Chunky EVA Sole Casual Sneakers,E:\贝强大文件\01_产品资产\02_可发布素材\00_最终上传\BQ006_M8811\00_上架填写表.md
BQ007,L0017,BQ007-O1,BQ007-O1 / L0017,OEM ODM custom logo and private-label sourcing,custom logo slip on walking shoes; OEM shoes; private label footwear supplier,Custom Logo Knit Elastic Lace Slip-On Walking Shoes Lightweight Foam Sole Casual Sneakers OEM ODM Private Label Model L0017,123,Knit Elastic Lace Slip-On Walking Shoes Lightweight Foam Sole Casual Sneakers,E:\贝强大文件\01_产品资产\02_可发布素材\00_最终上传\BQ007_L0017\00_上架填写表.md
BQ007,L0017,BQ007-R1,BQ007-R1 / L0017,Travel Commuting and Daily Wear,slip on walking shoes; knit casual sneakers; travel commuting and daily wear,Knit Elastic Lace Slip-On Walking Shoes Lightweight Foam Sole Casual Sneakers for Travel Commuting and Daily Wear Model L0017,125,Knit Elastic Lace Slip-On Walking Shoes Lightweight Foam Sole Casual Sneakers,E:\贝强大文件\01_产品资产\02_可发布素材\00_最终上传\BQ007_L0017\00_上架填写表.md
BQ007,L0017,BQ007-W1,BQ007-W1 / L0017,Core wholesale sourcing,wholesale slip on walking shoes; factory supply knit casual sneakers; bulk lightweight walking shoes,Wholesale Knit Elastic Lace Slip-On Walking Shoes Lightweight Foam Sole Casual Sneakers Factory Supply Model L0017,114,Knit Elastic Lace Slip-On Walking Shoes Lightweight Foam Sole Casual Sneakers,E:\贝强大文件\01_产品资产\02_可发布素材\00_最终上传\BQ007_L0017\00_上架填写表.md
BQ008,L1009,BQ008-O1,BQ008-O1 / L1009,OEM ODM custom logo and private-label sourcing,custom logo athletic walking shoes; OEM shoes; private label footwear supplier,Custom Logo Breathable Mesh Lace-Up Athletic Walking Shoes Thick Sole Casual Sneakers OEM ODM Private Label Model L1009,119,Breathable Mesh Lace-Up Athletic Walking Shoes Thick Sole Casual Sneakers,E:\贝强大文件\01_产品资产\02_可发布素材\00_最终上传\BQ008_L1009\00_上架填写表.md
BQ008,L1009,BQ008-R1,BQ008-R1 / L1009,Athletic Walking and Everyday Training,athletic walking shoes; breathable mesh sneakers; athletic walking and everyday training,Breathable Mesh Lace-Up Athletic Walking Shoes Thick Sole Casual Sneakers for Athletic Walking and Everyday Training Model L1009,128,Breathable Mesh Lace-Up Athletic Walking Shoes Thick Sole Casual Sneakers,E:\贝强大文件\01_产品资产\02_可发布素材\00_最终上传\BQ008_L1009\00_上架填写表.md
BQ008,L1009,BQ008-W1,BQ008-W1 / L1009,Core wholesale sourcing,wholesale athletic walking shoes; factory supply breathable mesh sneakers; bulk thick sole walking shoes,Wholesale Breathable Mesh Lace-Up Athletic Walking Shoes Thick Sole Casual Sneakers Factory Supply Model L1009,110,Breathable Mesh Lace-Up Athletic Walking Shoes Thick Sole Casual Sneakers,E:\贝强大文件\01_产品资产\02_可发布素材\00_最终上传\BQ008_L1009\00_上架填写表.md
BQ009,L1026,BQ009-O1,BQ009-O1 / L1026,OEM ODM custom logo and private-label sourcing,custom logo athletic walking shoes; OEM shoes; private label footwear supplier,Custom Logo Breathable Mesh Athletic Walking Shoes Thick Sole Casual Sneakers OEM ODM Private Label Model L1026,111,Breathable Mesh Athletic Walking Shoes Thick Sole Casual Sneakers,E:\贝强大文件\01_产品资产\02_可发布素材\00_最终上传\BQ009_L1026\00_上架填写表.md
BQ009,L1026,BQ009-R1,BQ009-R1 / L1026,Athletic Walking and Everyday Training,athletic walking shoes; breathable mesh sneakers; athletic walking and everyday training,Breathable Mesh Athletic Walking Shoes Thick Sole Casual Sneakers for Athletic Walking and Everyday Training Model L1026,120,Breathable Mesh Athletic Walking Shoes Thick Sole Casual Sneakers,E:\贝强大文件\01_产品资产\02_可发布素材\00_最终上传\BQ009_L1026\00_上架填写表.md
BQ009,L1026,BQ009-W1,BQ009-W1 / L1026,Core wholesale sourcing,wholesale athletic walking shoes; factory supply breathable mesh sneakers; bulk thick sole walking shoes,Wholesale Breathable Mesh Athletic Walking Shoes Thick Sole Casual Sneakers Factory Supply Model L1026,102,Breathable Mesh Athletic Walking Shoes Thick Sole Casual Sneakers,E:\贝强大文件\01_产品资产\02_可发布素材\00_最终上传\BQ009_L1026\00_上架填写表.md
BQ010,R1601,BQ010-O1,BQ010-O1 / R1601,OEM ODM custom logo and private-label sourcing,custom logo lace up walking shoes; OEM shoes; private label footwear supplier,Custom Logo Stretch Fabric Low Top Lace-Up Walking Shoes Toe Cap Lightweight Casual Sneakers OEM ODM Private Label Model R1601,126,Stretch Fabric Low Top Lace-Up Walking Shoes Toe Cap Lightweight Casual Sneakers,E:\贝强大文件\01_产品资产\02_可发布素材\00_最终上传\BQ010_R1601\00_上架填写表.md
BQ010,R1601,BQ010-R1,BQ010-R1 / R1601,Daily Walking and Casual Streetwear,lace up walking shoes; knit casual sneakers; daily walking and casual streetwear,Stretch Fabric Low Top Lace-Up Walking Shoes Toe Cap Casual Sneakers for Daily Walking and Casual Streetwear Model R1601,120,Stretch Fabric Low Top Lace-Up Walking Shoes Toe Cap Lightweight Casual Sneakers,E:\贝强大文件\01_产品资产\02_可发布素材\00_最终上传\BQ010_R1601\00_上架填写表.md
BQ010,R1601,BQ010-W1,BQ010-W1 / R1601,Core wholesale sourcing,wholesale lace up walking shoes; factory supply knit casual sneakers; bulk breathable walking shoes,Wholesale Stretch Fabric Low Top Lace-Up Walking Shoes Toe Cap Lightweight Casual Sneakers Factory Supply Model R1601,117,Stretch Fabric Low Top Lace-Up Walking Shoes Toe Cap Lightweight Casual Sneakers,E:\贝强大文件\01_产品资产\02_可发布素材\00_最终上传\BQ010_R1601\00_上架填写表.md
BQ011,A002,BQ011-O1,BQ011-O1 / A002,OEM ODM custom logo and private-label sourcing,custom logo slip on walking shoes; OEM shoes; private label footwear supplier,Custom Logo Men's Knit Slip-On Walking Shoes Casual Shoes OEM ODM Private Label Footwear Supplier Model A002,108,Men's Knit Slip-On Walking Shoes Casual Shoes,E:\贝强大文件\01_产品资产\02_可发布素材\00_最终上传\BQ011_A002\00_上架填写表.md
BQ011,A002,BQ011-R1,BQ011-R1 / A002,Commuting and Daily Walking,slip on walking shoes; knit casual sneakers; commuting and daily walking,Men's Knit Slip-On Walking Shoes Casual Shoes for Commuting and Daily Walking Model A002,88,Men's Knit Slip-On Walking Shoes Casual Shoes,E:\贝强大文件\01_产品资产\02_可发布素材\00_最终上传\BQ011_A002\00_上架填写表.md
BQ011,A002,BQ011-W1,BQ011-W1 / A002,Core wholesale sourcing,wholesale slip on walking shoes; factory supply knit casual sneakers; bulk lightweight walking shoes,Wholesale Men's Knit Slip-On Walking Shoes Casual Shoes Factory Supply Model A002,81,Men's Knit Slip-On Walking Shoes Casual Shoes,E:\贝强大文件\01_产品资产\02_可发布素材\00_最终上传\BQ011_A002\00_上架填写表.md
BQ012,M8506,BQ012-O1,BQ012-O1 / M8506,OEM ODM custom logo and private-label sourcing,custom logo slip on walking shoes; OEM shoes; private label footwear supplier,Custom Logo Knit Slip-On Walking Shoes Chunky Casual Shoes with Lace Detail OEM ODM Private Label Footwear Supplier Model M8506,127,Knit Slip-On Walking Shoes Chunky Casual Shoes with Lace Detail,E:\贝强大文件\01_产品资产\02_可发布素材\00_最终上传\BQ012_M8506\00_上架填写表.md
BQ012,M8506,BQ012-R1,BQ012-R1 / M8506,Men's Daily Walking and Casual Wear,slip on walking shoes; knit casual sneakers; men's daily walking and casual wear,Knit Slip-On Walking Shoes Chunky Casual Shoes with Lace Detail for Men's Daily Walking and Casual Wear Model M8506,115,Knit Slip-On Walking Shoes Chunky Casual Shoes with Lace Detail,E:\贝强大文件\01_产品资产\02_可发布素材\00_最终上传\BQ012_M8506\00_上架填写表.md
BQ012,M8506,BQ012-W1,BQ012-W1 / M8506,Core wholesale sourcing,wholesale slip on walking shoes; factory supply knit casual sneakers; bulk lightweight walking shoes,Wholesale Knit Slip-On Walking Shoes Chunky Casual Shoes with Lace Detail Factory Supply Model M8506,100,Knit Slip-On Walking Shoes Chunky Casual Shoes with Lace Detail,E:\贝强大文件\01_产品资产\02_可发布素材\00_最终上传\BQ012_M8506\00_上架填写表.md
BQ013,T55836,BQ013-O1,BQ013-O1 / T55836,OEM ODM custom logo and private-label sourcing,custom logo slip on walking shoes; OEM shoes; private label footwear supplier,Custom Logo Knit Slip-On Walking Shoes Casual Shoes OEM ODM Private Label Footwear Supplier Model T55836,104,Knit Slip-On Walking Shoes Casual Shoes,E:\贝强大文件\01_产品资产\02_可发布素材\00_最终上传\BQ013_T55836\00_上架填写表.md
BQ013,T55836,BQ013-R1,BQ013-R1 / T55836,Travel Commuting and Daily Wear,slip on walking shoes; knit casual sneakers; travel commuting and daily wear,Knit Slip-On Walking Shoes Casual Shoes for Travel Commuting and Daily Wear Model T55836,88,Knit Slip-On Walking Shoes Casual Shoes,E:\贝强大文件\01_产品资产\02_可发布素材\00_最终上传\BQ013_T55836\00_上架填写表.md
BQ013,T55836,BQ013-W1,BQ013-W1 / T55836,Core wholesale sourcing,wholesale slip on walking shoes; factory supply knit casual sneakers; bulk lightweight walking shoes,Wholesale Knit Slip-On Walking Shoes Casual Shoes Factory Supply Model T55836,77,Knit Slip-On Walking Shoes Casual Shoes,E:\贝强大文件\01_产品资产\02_可发布素材\00_最终上传\BQ013_T55836\00_上架填写表.md
BQ014,A507,BQ014-O1,BQ014-O1 / A507,OEM ODM custom logo and private-label sourcing,custom logo slip on walking shoes; OEM shoes; private label footwear supplier,Custom Logo Knit Slip-On Walking Shoes Casual Sneakers OEM ODM Private Label Footwear Supplier Model A507,105,Knit Slip-On Walking Shoes Casual Sneakers,E:\贝强大文件\01_产品资产\02_可发布素材\00_最终上传\BQ014_A507\00_上架填写表.md
BQ014,A507,BQ014-R1,BQ014-R1 / A507,Travel Commuting and Daily Wear,slip on walking shoes; knit casual sneakers; travel commuting and daily wear,Knit Slip-On Walking Shoes Casual Sneakers for Travel Commuting and Daily Wear Model A507,89,Knit Slip-On Walking Shoes Casual Sneakers,E:\贝强大文件\01_产品资产\02_可发布素材\00_最终上传\BQ014_A507\00_上架填写表.md
BQ014,A507,BQ014-W1,BQ014-W1 / A507,Core wholesale sourcing,wholesale slip on walking shoes; factory supply knit casual sneakers; bulk lightweight walking shoes,Wholesale Knit Slip-On Walking Shoes Casual Sneakers Factory Supply Model A507,78,Knit Slip-On Walking Shoes Casual Sneakers,E:\贝强大文件\01_产品资产\02_可发布素材\00_最终上传\BQ014_A507\00_上架填写表.md
BQ015,R1811,BQ015-O1,BQ015-O1 / R1811,OEM ODM custom logo and private-label sourcing,custom logo slip on walking shoes; OEM shoes; private label footwear supplier,Custom Logo Knit Slip-On Walking Shoes Toe Cap Casual Sneakers with Lace Detail OEM ODM Private Label Model R1811,113,Knit Slip-On Walking Shoes Toe Cap Casual Sneakers with Lace Detail,E:\贝强大文件\01_产品资产\02_可发布素材\00_最终上传\BQ015_R1811\00_上架填写表.md
BQ015,R1811,BQ015-R1,BQ015-R1 / R1811,Autumn Winter Walking and Casual Wear,slip on walking shoes; knit casual sneakers; autumn winter walking and casual wear,Knit Slip-On Walking Shoes Toe Cap Casual Sneakers with Lace Detail for Autumn Winter Walking and Casual Wear Model R1811,121,Knit Slip-On Walking Shoes Toe Cap Casual Sneakers with Lace Detail,E:\贝强大文件\01_产品资产\02_可发布素材\00_最终上传\BQ015_R1811\00_上架填写表.md
BQ015,R1811,BQ015-W1,BQ015-W1 / R1811,Core wholesale sourcing,wholesale slip on walking shoes; factory supply knit casual sneakers; bulk lightweight walking shoes,Wholesale Knit Slip-On Walking Shoes Toe Cap Casual Sneakers with Lace Detail Factory Supply Model R1811,104,Knit Slip-On Walking Shoes Toe Cap Casual Sneakers with Lace Detail,E:\贝强大文件\01_产品资产\02_可发布素材\00_最终上传\BQ015_R1811\00_上架填写表.md
BQ016,201,BQ016-O1,BQ016-O1 / 201,OEM ODM custom logo and private-label sourcing,custom logo kids walking shoes; OEM shoes; private label footwear supplier,Custom Logo Girls' Knit Slip-On Walking Shoes Casual School Shoes OEM ODM Private Label Footwear Supplier Model 201,115,Girls' Knit Slip-On Walking Shoes Casual School Shoes,E:\贝强大文件\01_产品资产\02_可发布素材\00_最终上传\BQ016_201\00_上架填写表.md
BQ016,201,BQ016-R1,BQ016-R1 / 201,Girls School and Daily Walking,kids walking shoes; children casual sneakers; girls school and daily walking,Girls' Knit Slip-On Walking Shoes Casual School Shoes for Girls School and Daily Walking Model 201,98,Girls' Knit Slip-On Walking Shoes Casual School Shoes,E:\贝强大文件\01_产品资产\02_可发布素材\00_最终上传\BQ016_201\00_上架填写表.md
BQ016,201,BQ016-W1,BQ016-W1 / 201,Core wholesale sourcing,wholesale kids walking shoes; factory supply children casual sneakers; bulk school shoes wholesale,Wholesale Girls' Knit Slip-On Walking Shoes Casual School Shoes Factory Supply Model 201,88,Girls' Knit Slip-On Walking Shoes Casual School Shoes,E:\贝强大文件\01_产品资产\02_可发布素材\00_最终上传\BQ016_201\00_上架填写表.md
BQ017,A008,BQ017-O1,BQ017-O1 / A008,OEM ODM custom logo and private-label sourcing,custom logo lace up walking shoes; OEM shoes; private label footwear supplier,Custom Logo Quilted Knit Lace-Up Walking Shoes Casual Shoes OEM ODM Private Label Footwear Supplier Model A008,110,Quilted Knit Lace-Up Walking Shoes Casual Shoes,E:\贝强大文件\01_产品资产\02_可发布素材\00_最终上传\BQ017_A008\00_上架填写表.md
BQ017,A008,BQ017-R1,BQ017-R1 / A008,Daily Walking and Casual Wear,lace up walking shoes; knit casual sneakers; daily walking and casual wear,Quilted Knit Lace-Up Walking Shoes Casual Shoes for Daily Walking and Casual Wear Model A008,92,Quilted Knit Lace-Up Walking Shoes Casual Shoes,E:\贝强大文件\01_产品资产\02_可发布素材\00_最终上传\BQ017_A008\00_上架填写表.md
BQ017,A008,BQ017-W1,BQ017-W1 / A008,Core wholesale sourcing,wholesale lace up walking shoes; factory supply knit casual sneakers; bulk breathable walking shoes,Wholesale Quilted Knit Lace-Up Walking Shoes Casual Shoes Factory Supply Model A008,83,Quilted Knit Lace-Up Walking Shoes Casual Shoes,E:\贝强大文件\01_产品资产\02_可发布素材\00_最终上传\BQ017_A008\00_上架填写表.md
BQ018,A116,BQ018-O1,BQ018-O1 / A116,OEM ODM custom logo and private-label sourcing,custom logo lace up walking shoes; OEM shoes; private label footwear supplier,Custom Logo Knit Lace-Up Walking Shoes Casual Shoes OEM ODM Private Label Footwear Supplier Model A116,102,Knit Lace-Up Walking Shoes Casual Shoes,E:\贝强大文件\01_产品资产\02_可发布素材\00_最终上传\BQ018_A116\00_上架填写表.md
BQ018,A116,BQ018-R1,BQ018-R1 / A116,Daily Walking and Casual Wear,lace up walking shoes; knit casual sneakers; daily walking and casual wear,Knit Lace-Up Walking Shoes Casual Shoes for Daily Walking and Casual Wear Model A116,84,Knit Lace-Up Walking Shoes Casual Shoes,E:\贝强大文件\01_产品资产\02_可发布素材\00_最终上传\BQ018_A116\00_上架填写表.md
BQ018,A116,BQ018-W1,BQ018-W1 / A116,Core wholesale sourcing,wholesale lace up walking shoes; factory supply knit casual sneakers; bulk breathable walking shoes,Wholesale Knit Lace-Up Walking Shoes Casual Shoes Factory Supply Model A116,75,Knit Lace-Up Walking Shoes Casual Shoes,E:\贝强大文件\01_产品资产\02_可发布素材\00_最终上传\BQ018_A116\00_上架填写表.md
BQ019,A206,BQ019-O1,BQ019-O1 / A206,OEM ODM custom logo and private-label sourcing,custom logo lace up walking shoes; OEM shoes; private label footwear supplier,Custom Logo Knit Lace-Up Walking Shoes Casual Shoes OEM ODM Private Label Footwear Supplier Model A206,102,Knit Lace-Up Walking Shoes Casual Shoes,E:\贝强大文件\01_产品资产\02_可发布素材\00_最终上传\BQ019_A206\00_上架填写表.md
BQ019,A206,BQ019-R1,BQ019-R1 / A206,Daily Walking and Casual Wear,lace up walking shoes; knit casual sneakers; daily walking and casual wear,Knit Lace-Up Walking Shoes Casual Shoes for Daily Walking and Casual Wear Model A206,84,Knit Lace-Up Walking Shoes Casual Shoes,E:\贝强大文件\01_产品资产\02_可发布素材\00_最终上传\BQ019_A206\00_上架填写表.md
BQ019,A206,BQ019-W1,BQ019-W1 / A206,Core wholesale sourcing,wholesale lace up walking shoes; factory supply knit casual sneakers; bulk breathable walking shoes,Wholesale Knit Lace-Up Walking Shoes Casual Shoes Factory Supply Model A206,75,Knit Lace-Up Walking Shoes Casual Shoes,E:\贝强大文件\01_产品资产\02_可发布素材\00_最终上传\BQ019_A206\00_上架填写表.md
BQ020,A218,BQ020-O1,BQ020-O1 / A218,OEM ODM custom logo and private-label sourcing,custom logo lace up walking shoes; OEM shoes; private label footwear supplier,Custom Logo Hollow Knit Lace-Up Walking Shoes Summer Casual Shoes OEM ODM Private Label Footwear Supplier Model A218,116,Hollow Knit Lace-Up Walking Shoes Summer Casual Shoes,E:\贝强大文件\01_产品资产\02_可发布素材\00_最终上传\BQ020_A218\00_上架填写表.md
BQ020,A218,BQ020-R1,BQ020-R1 / A218,Daily Walking and Casual Wear,lace up walking shoes; knit casual sneakers; daily walking and casual wear,Hollow Knit Lace-Up Walking Shoes Summer Casual Shoes for Daily Walking and Casual Wear Model A218,98,Hollow Knit Lace-Up Walking Shoes Summer Casual Shoes,E:\贝强大文件\01_产品资产\02_可发布素材\00_最终上传\BQ020_A218\00_上架填写表.md
BQ020,A218,BQ020-W1,BQ020-W1 / A218,Core wholesale sourcing,wholesale lace up walking shoes; factory supply knit casual sneakers; bulk breathable walking shoes,Wholesale Hollow Knit Lace-Up Walking Shoes Summer Casual Shoes Factory Supply Model A218,89,Hollow Knit Lace-Up Walking Shoes Summer Casual Shoes,E:\贝强大文件\01_产品资产\02_可发布素材\00_最终上传\BQ020_A218\00_上架填写表.md
BQ021,K6212,BQ021-O1,BQ021-O1 / K6212,OEM ODM custom logo and private-label sourcing,custom logo slip on walking shoes; OEM shoes; private label footwear supplier,Custom Logo Knit Slip-On Walking Shoes Casual Shoes OEM ODM Private Label Footwear Supplier Model K6212,103,Knit Slip-On Walking Shoes Casual Shoes,E:\贝强大文件\01_产品资产\02_可发布素材\00_最终上传\BQ021_K6212\00_上架填写表.md
BQ021,K6212,BQ021-R1,BQ021-R1 / K6212,Travel Commuting and Daily Wear,slip on walking shoes; knit casual sneakers; travel commuting and daily wear,Knit Slip-On Walking Shoes Casual Shoes for Travel Commuting and Daily Wear Model K6212,87,Knit Slip-On Walking Shoes Casual Shoes,E:\贝强大文件\01_产品资产\02_可发布素材\00_最终上传\BQ021_K6212\00_上架填写表.md
BQ021,K6212,BQ021-W1,BQ021-W1 / K6212,Core wholesale sourcing,wholesale slip on walking shoes; factory supply knit casual sneakers; bulk lightweight walking shoes,Wholesale Knit Slip-On Walking Shoes Casual Shoes Factory Supply Model K6212,76,Knit Slip-On Walking Shoes Casual Shoes,E:\贝强大文件\01_产品资产\02_可发布素材\00_最终上传\BQ021_K6212\00_上架填写表.md
BQ022,A2208,BQ022-O1,BQ022-O1 / A2208,OEM ODM custom logo and private-label sourcing,custom logo slip on walking shoes; OEM shoes; private label footwear supplier,Custom Logo Striped Knit Slip-On Walking Shoes Casual Shoes OEM ODM Private Label Footwear Supplier Model A2208,111,Striped Knit Slip-On Walking Shoes Casual Shoes,E:\贝强大文件\01_产品资产\02_可发布素材\00_最终上传\BQ022_A2208\00_上架填写表.md
BQ022,A2208,BQ022-R1,BQ022-R1 / A2208,Travel Commuting and Daily Wear,slip on walking shoes; knit casual sneakers; travel commuting and daily wear,Striped Knit Slip-On Walking Shoes Casual Shoes for Travel Commuting and Daily Wear Model A2208,95,Striped Knit Slip-On Walking Shoes Casual Shoes,E:\贝强大文件\01_产品资产\02_可发布素材\00_最终上传\BQ022_A2208\00_上架填写表.md
BQ022,A2208,BQ022-W1,BQ022-W1 / A2208,Core wholesale sourcing,wholesale slip on walking shoes; factory supply knit casual sneakers; bulk lightweight walking shoes,Wholesale Striped Knit Slip-On Walking Shoes Casual Shoes Factory Supply Model A2208,84,Striped Knit Slip-On Walking Shoes Casual Shoes,E:\贝强大文件\01_产品资产\02_可发布素材\00_最终上传\BQ022_A2208\00_上架填写表.md
BQ023,A505,BQ023-O1,BQ023-O1 / A505,OEM ODM custom logo and private-label sourcing,custom logo slip on walking shoes; OEM shoes; private label footwear supplier,Custom Logo Knit Low Cut Slip-On Walking Shoes Casual Shoes OEM ODM Private Label Footwear Supplier Model A505,110,Knit Low Cut Slip-On Walking Shoes Casual Shoes,E:\贝强大文件\01_产品资产\02_可发布素材\00_最终上传\BQ023_A505\00_上架填写表.md
BQ023,A505,BQ023-R1,BQ023-R1 / A505,Travel Commuting and Daily Wear,slip on walking shoes; knit casual sneakers; travel commuting and daily wear,Knit Low Cut Slip-On Walking Shoes Casual Shoes for Travel Commuting and Daily Wear Model A505,94,Knit Low Cut Slip-On Walking Shoes Casual Shoes,E:\贝强大文件\01_产品资产\02_可发布素材\00_最终上传\BQ023_A505\00_上架填写表.md
BQ023,A505,BQ023-W1,BQ023-W1 / A505,Core wholesale sourcing,wholesale slip on walking shoes; factory supply knit casual sneakers; bulk lightweight walking shoes,Wholesale Knit Low Cut Slip-On Walking Shoes Casual Shoes Factory Supply Model A505,83,Knit Low Cut Slip-On Walking Shoes Casual Shoes,E:\贝强大文件\01_产品资产\02_可发布素材\00_最终上传\BQ023_A505\00_上架填写表.md
BQ024,A830,BQ024-O1,BQ024-O1 / A830,OEM ODM custom logo and private-label sourcing,custom logo slip on walking shoes; OEM shoes; private label footwear supplier,Custom Logo Knit Slip-On Walking Shoes Casual Shoes OEM ODM Private Label Footwear Supplier Model A830,102,Knit Slip-On Walking Shoes Casual Shoes,E:\贝强大文件\01_产品资产\02_可发布素材\00_最终上传\BQ024_A830\00_上架填写表.md
BQ024,A830,BQ024-R1,BQ024-R1 / A830,Men's Travel Commuting and Daily Wear,slip on walking shoes; knit casual sneakers; men's travel commuting and daily wear,Knit Slip-On Walking Shoes Casual Shoes for Men's Travel Commuting and Daily Wear Model A830,92,Knit Slip-On Walking Shoes Casual Shoes,E:\贝强大文件\01_产品资产\02_可发布素材\00_最终上传\BQ024_A830\00_上架填写表.md
BQ024,A830,BQ024-W1,BQ024-W1 / A830,Core wholesale sourcing,wholesale slip on walking shoes; factory supply knit casual sneakers; bulk lightweight walking shoes,Wholesale Knit Slip-On Walking Shoes Casual Shoes Factory Supply Model A830,75,Knit Slip-On Walking Shoes Casual Shoes,E:\贝强大文件\01_产品资产\02_可发布素材\00_最终上传\BQ024_A830\00_上架填写表.md
BQ025,A1689,BQ025-O1,BQ025-O1 / A1689,OEM ODM custom logo and private-label sourcing,custom logo slip on walking shoes; OEM shoes; private label footwear supplier,Custom Logo Low Cut Knit Slip-On Walking Shoes Casual Shoes OEM ODM Private Label Footwear Supplier Model A1689,111,Low Cut Knit Slip-On Walking Shoes Casual Shoes,E:\贝强大文件\01_产品资产\02_可发布素材\00_最终上传\BQ025_A1689\00_上架填写表.md
BQ025,A1689,BQ025-R1,BQ025-R1 / A1689,Travel Commuting and Daily Wear,slip on walking shoes; knit casual sneakers; travel commuting and daily wear,Low Cut Knit Slip-On Walking Shoes Casual Shoes for Travel Commuting and Daily Wear Model A1689,95,Low Cut Knit Slip-On Walking Shoes Casual Shoes,E:\贝强大文件\01_产品资产\02_可发布素材\00_最终上传\BQ025_A1689\00_上架填写表.md
BQ025,A1689,BQ025-W1,BQ025-W1 / A1689,Core wholesale sourcing,wholesale slip on walking shoes; factory supply knit casual sneakers; bulk lightweight walking shoes,Wholesale Low Cut Knit Slip-On Walking Shoes Casual Shoes Factory Supply Model A1689,84,Low Cut Knit Slip-On Walking Shoes Casual Shoes,E:\贝强大文件\01_产品资产\02_可发布素材\00_最终上传\BQ025_A1689\00_上架填写表.md
BQ026,T5828,BQ026-O1,BQ026-O1 / T5828,OEM ODM custom logo and private-label sourcing,custom logo lace up walking shoes; OEM shoes; private label footwear supplier,Custom Logo Knit Lace-Up Walking Shoes Casual Shoes OEM ODM Private Label Footwear Supplier Model T5828,103,Knit Lace-Up Walking Shoes Casual Shoes,E:\贝强大文件\01_产品资产\02_可发布素材\00_最终上传\BQ026_T5828\00_上架填写表.md
BQ026,T5828,BQ026-R1,BQ026-R1 / T5828,Daily Walking and Casual Wear,lace up walking shoes; knit casual sneakers; daily walking and casual wear,Knit Lace-Up Walking Shoes Casual Shoes for Daily Walking and Casual Wear Model T5828,85,Knit Lace-Up Walking Shoes Casual Shoes,E:\贝强大文件\01_产品资产\02_可发布素材\00_最终上传\BQ026_T5828\00_上架填写表.md
BQ026,T5828,BQ026-W1,BQ026-W1 / T5828,Core wholesale sourcing,wholesale lace up walking shoes; factory supply knit casual sneakers; bulk breathable walking shoes,Wholesale Knit Lace-Up Walking Shoes Casual Shoes Factory Supply Model T5828,76,Knit Lace-Up Walking Shoes Casual Shoes,E:\贝强大文件\01_产品资产\02_可发布素材\00_最终上传\BQ026_T5828\00_上架填写表.md
BQ027,K6116,BQ027-O1,BQ027-O1 / K6116,OEM ODM custom logo and private-label sourcing,custom logo lace up walking shoes; OEM shoes; private label footwear supplier,Custom Logo Knit Lace Detail Casual Walking Shoes OEM ODM Private Label Footwear Supplier Model K6116,101,Knit Lace Detail Casual Walking Shoes,E:\贝强大文件\01_产品资产\02_可发布素材\00_最终上传\BQ027_K6116\00_上架填写表.md
BQ027,K6116,BQ027-R1,BQ027-R1 / K6116,Daily Walking and Casual Wear,lace up walking shoes; knit casual sneakers; daily walking and casual wear,Knit Lace Detail Casual Walking Shoes for Daily Walking and Casual Wear Model K6116,83,Knit Lace Detail Casual Walking Shoes,E:\贝强大文件\01_产品资产\02_可发布素材\00_最终上传\BQ027_K6116\00_上架填写表.md
BQ027,K6116,BQ027-W1,BQ027-W1 / K6116,Core wholesale sourcing,wholesale lace up walking shoes; factory supply knit casual sneakers; bulk breathable walking shoes,Wholesale Knit Lace Detail Casual Walking Shoes Factory Supply Model K6116,74,Knit Lace Detail Casual Walking Shoes,E:\贝强大文件\01_产品资产\02_可发布素材\00_最终上传\BQ027_K6116\00_上架填写表.md
BQ028,BISCUIT,BQ028-O1,BQ028-O1 / BISCUIT,OEM ODM custom logo and private-label sourcing,custom logo slip on walking shoes; OEM shoes; private label footwear supplier,Custom Logo Knit Slip-On Biscuit Sole Casual Walking Shoes OEM ODM Private Label Footwear Supplier Model BISCUIT,112,Knit Slip-On Biscuit Sole Casual Walking Shoes,E:\贝强大文件\01_产品资产\02_可发布素材\00_最终上传\BQ028_BISCUIT\00_上架填写表.md
BQ028,BISCUIT,BQ028-R1,BQ028-R1 / BISCUIT,Travel Commuting and Daily Wear,slip on walking shoes; knit casual sneakers; travel commuting and daily wear,Knit Slip-On Biscuit Sole Casual Walking Shoes for Travel Commuting and Daily Wear Model BISCUIT,96,Knit Slip-On Biscuit Sole Casual Walking Shoes,E:\贝强大文件\01_产品资产\02_可发布素材\00_最终上传\BQ028_BISCUIT\00_上架填写表.md
BQ028,BISCUIT,BQ028-W1,BQ028-W1 / BISCUIT,Core wholesale sourcing,wholesale slip on walking shoes; factory supply knit casual sneakers; bulk lightweight walking shoes,Wholesale Knit Slip-On Biscuit Sole Casual Walking Shoes Factory Supply Model BISCUIT,85,Knit Slip-On Biscuit Sole Casual Walking Shoes,E:\贝强大文件\01_产品资产\02_可发布素材\00_最终上传\BQ028_BISCUIT\00_上架填写表.md
BQ029,A025,BQ029-O1,BQ029-O1 / A025,OEM ODM custom logo and private-label sourcing,custom logo high top knit sneakers; OEM shoes; private label footwear supplier,Custom Logo High Top Knit Slip-On Walking Shoes OEM ODM Private Label Footwear Supplier Model A025,98,High Top Knit Slip-On Walking Shoes,E:\贝强大文件\01_产品资产\02_可发布素材\00_最终上传\BQ029_A025\00_上架填写表.md
BQ029,A025,BQ029-R1,BQ029-R1 / A025,Autumn Winter Casual Walking,high top knit sneakers; sock sneakers slip on; autumn winter casual walking,High Top Knit Slip-On Walking Shoes for Autumn Winter Casual Walking Model A025,79,High Top Knit Slip-On Walking Shoes,E:\贝强大文件\01_产品资产\02_可发布素材\00_最终上传\BQ029_A025\00_上架填写表.md
BQ029,A025,BQ029-W1,BQ029-W1 / A025,Core wholesale sourcing,wholesale high top knit sneakers; factory supply sock sneakers slip on; bulk casual walking shoes wholesale,Wholesale High Top Knit Slip-On Walking Shoes Factory Supply Model A025,71,High Top Knit Slip-On Walking Shoes,E:\贝强大文件\01_产品资产\02_可发布素材\00_最终上传\BQ029_A025\00_上架填写表.md
BQ030,A811,BQ030-O1,BQ030-O1 / A811,OEM ODM custom logo and private-label sourcing,custom logo kids walking shoes; OEM shoes; private label footwear supplier,Custom Logo Kids Knit Lace-Up Walking Shoes OEM ODM Private Label Footwear Supplier Model A811,94,Kids Knit Lace-Up Walking Shoes,E:\贝强大文件\01_产品资产\02_可发布素材\00_最终上传\BQ030_A811\00_上架填写表.md
BQ030,A811,BQ030-R1,BQ030-R1 / A811,Kids School and Daily Walking,kids walking shoes; children casual sneakers; kids school and daily walking,Kids Knit Lace-Up Walking Shoes for Kids School and Daily Walking Model A811,76,Kids Knit Lace-Up Walking Shoes,E:\贝强大文件\01_产品资产\02_可发布素材\00_最终上传\BQ030_A811\00_上架填写表.md
BQ030,A811,BQ030-W1,BQ030-W1 / A811,Core wholesale sourcing,wholesale kids walking shoes; factory supply children casual sneakers; bulk school shoes wholesale,Wholesale Kids Knit Lace-Up Walking Shoes Factory Supply Model A811,67,Kids Knit Lace-Up Walking Shoes,E:\贝强大文件\01_产品资产\02_可发布素材\00_最终上传\BQ030_A811\00_上架填写表.md
BQ031,ZX2116,BQ031-O1,BQ031-O1 / ZX2116,OEM ODM custom logo and private-label sourcing,custom logo wide toe box walking shoes; OEM shoes; private label footwear supplier,Custom Logo Wide Toe Box Knit Lace-Up Walking Shoes Large Size OEM ODM Private Label Footwear Supplier Model ZX2116,115,Wide Toe Box Knit Lace-Up Walking Shoes Large Size,E:\贝强大文件\01_产品资产\02_可发布素材\00_最终上传\BQ031_ZX2116\00_上架填写表.md
BQ031,ZX2116,BQ031-R1,BQ031-R1 / ZX2116,Wide Fit Daily Walking,wide toe box walking shoes; wide fit walking sneakers; wide fit daily walking,Wide Toe Box Knit Lace-Up Walking Shoes Large Size for Wide Fit Daily Walking Model ZX2116,90,Wide Toe Box Knit Lace-Up Walking Shoes Large Size,E:\贝强大文件\01_产品资产\02_可发布素材\00_最终上传\BQ031_ZX2116\00_上架填写表.md
BQ031,ZX2116,BQ031-W1,BQ031-W1 / ZX2116,Core wholesale sourcing,wholesale wide toe box walking shoes; factory supply wide fit walking sneakers; bulk knit comfort walking shoes,Wholesale Wide Toe Box Knit Lace-Up Walking Shoes Large Size Factory Supply Model ZX2116,88,Wide Toe Box Knit Lace-Up Walking Shoes Large Size,E:\贝强大文件\01_产品资产\02_可发布素材\00_最终上传\BQ031_ZX2116\00_上架填写表.md
BQ032,ZX2212,BQ032-O1,BQ032-O1 / ZX2212,OEM ODM custom logo and private-label sourcing,custom logo lace up walking shoes; OEM shoes; private label footwear supplier,Custom Logo Regular Fit Knit Lace-Up Casual Walking Shoes Large Size OEM ODM Private Label Footwear Supplier Model ZX2212,121,Regular Fit Knit Lace-Up Casual Walking Shoes Large Size,E:\贝强大文件\01_产品资产\02_可发布素材\00_最终上传\BQ032_ZX2212\00_上架填写表.md
BQ032,ZX2212,BQ032-R1,BQ032-R1 / ZX2212,Large Size Daily Walking and Casual Wear,lace up walking shoes; knit casual sneakers; large size daily walking and casual wear,Regular Fit Knit Lace-Up Casual Walking Shoes Large Size for Large Size Daily Walking and Casual Wear Model ZX2212,114,Regular Fit Knit Lace-Up Casual Walking Shoes Large Size,E:\贝强大文件\01_产品资产\02_可发布素材\00_最终上传\BQ032_ZX2212\00_上架填写表.md
BQ032,ZX2212,BQ032-W1,BQ032-W1 / ZX2212,Core wholesale sourcing,wholesale lace up walking shoes; factory supply knit casual sneakers; bulk breathable walking shoes,Wholesale Regular Fit Knit Lace-Up Casual Walking Shoes Large Size Factory Supply Model ZX2212,94,Regular Fit Knit Lace-Up Casual Walking Shoes Large Size,E:\贝强大文件\01_产品资产\02_可发布素材\00_最终上传\BQ032_ZX2212\00_上架填写表.md
BQ033,T5503,BQ033-O1,BQ033-O1 / T5503,OEM ODM custom logo and private-label sourcing,custom logo lace up walking shoes; OEM shoes; private label footwear supplier,Custom Logo Breathable Knit Lace-Up Casual Walking Shoes Lightweight Summer Sneakers Unisex OEM ODM Private Label Model T5503,125,Breathable Knit Lace-Up Casual Walking Shoes Lightweight Summer Sneakers Unisex,E:\贝强大文件\01_产品资产\02_可发布素材\00_最终上传\BQ033_T5503\00_上架填写表.md
BQ033,T5503,BQ033-R1,BQ033-R1 / T5503,Daily Walking and Casual Wear,lace up walking shoes; knit casual sneakers; daily walking and casual wear,Breathable Knit Lace-Up Casual Walking Shoes Lightweight Summer Sneakers Unisex for Daily Walking and Casual Wear Model T5503,125,Breathable Knit Lace-Up Casual Walking Shoes Lightweight Summer Sneakers Unisex,E:\贝强大文件\01_产品资产\02_可发布素材\00_最终上传\BQ033_T5503\00_上架填写表.md
BQ033,T5503,BQ033-W1,BQ033-W1 / T5503,Core wholesale sourcing,wholesale lace up walking shoes; factory supply knit casual sneakers; bulk breathable walking shoes,Wholesale Breathable Knit Lace-Up Casual Walking Shoes Lightweight Summer Sneakers Unisex Factory Supply Model T5503,116,Breathable Knit Lace-Up Casual Walking Shoes Lightweight Summer Sneakers Unisex,E:\贝强大文件\01_产品资产\02_可发布素材\00_最终上传\BQ033_T5503\00_上架填写表.md
BQ034,T5505,BQ034-O1,BQ034-O1 / T5505,OEM ODM custom logo and private-label sourcing,custom logo slip on walking shoes; OEM shoes; private label footwear supplier,Custom Logo Knit Slip-On Walking Shoes Lightweight EVA Sole Casual Shoes Unisex OEM ODM Private Label Model T5505,113,Knit Slip-On Walking Shoes Lightweight EVA Sole Casual Shoes Unisex,E:\贝强大文件\01_产品资产\02_可发布素材\00_最终上传\BQ034_T5505\00_上架填写表.md
BQ034,T5505,BQ034-R1,BQ034-R1 / T5505,Travel Commuting and Daily Wear,slip on walking shoes; knit casual sneakers; travel commuting and daily wear,Knit Slip-On Walking Shoes Lightweight EVA Sole Casual Shoes Unisex for Travel Commuting and Daily Wear Model T5505,115,Knit Slip-On Walking Shoes Lightweight EVA Sole Casual Shoes Unisex,E:\贝强大文件\01_产品资产\02_可发布素材\00_最终上传\BQ034_T5505\00_上架填写表.md
BQ034,T5505,BQ034-W1,BQ034-W1 / T5505,Core wholesale sourcing,wholesale slip on walking shoes; factory supply knit casual sneakers; bulk lightweight walking shoes,Wholesale Knit Slip-On Walking Shoes Lightweight EVA Sole Casual Shoes Unisex Factory Supply Model T5505,104,Knit Slip-On Walking Shoes Lightweight EVA Sole Casual Shoes Unisex,E:\贝强大文件\01_产品资产\02_可发布素材\00_最终上传\BQ034_T5505\00_上架填写表.md
BQ035,A001,BQ035-O1,BQ035-O1 / A001,OEM ODM custom logo and private-label sourcing,custom logo backless slip on shoes; OEM shoes; private label footwear supplier,Custom Logo Men's Knit Backless Slip-On Mule Shoes Lightweight Casual Walking Clogs OEM ODM Private Label Model A001,116,Men's Knit Backless Slip-On Mule Shoes Lightweight Casual Walking Clogs,E:\贝强大文件\01_产品资产\02_可发布素材\00_最终上传\BQ035_A001\00_上架填写表.md
BQ035,A001,BQ035-R1,BQ035-R1 / A001,Travel Commuting and Casual Wear,backless slip on shoes; men's knit mule shoes; travel commuting and casual wear,Men's Knit Backless Slip-On Mule Shoes Lightweight Casual Walking Clogs for Travel Commuting and Casual Wear Model A001,119,Men's Knit Backless Slip-On Mule Shoes Lightweight Casual Walking Clogs,E:\贝强大文件\01_产品资产\02_可发布素材\00_最终上传\BQ035_A001\00_上架填写表.md
BQ035,A001,BQ035-W1,BQ035-W1 / A001,Core wholesale sourcing,wholesale backless slip on shoes; factory supply men's knit mule shoes; bulk casual walking clogs,Wholesale Men's Knit Backless Slip-On Mule Shoes Lightweight Casual Walking Clogs Factory Supply Model A001,107,Men's Knit Backless Slip-On Mule Shoes Lightweight Casual Walking Clogs,E:\贝强大文件\01_产品资产\02_可发布素材\00_最终上传\BQ035_A001\00_上架填写表.md
BQ036,8025,BQ036-O1,BQ036-O1 / 8025,OEM ODM custom logo and private-label sourcing,custom logo high top knit sneakers; OEM shoes; private label footwear supplier,Custom Logo High Top Knit Sock Sneakers Slip-On EVA Sole Casual Walking Shoes Unisex OEM ODM Private Label Model 8025,117,High Top Knit Sock Sneakers Slip-On EVA Sole Casual Walking Shoes Unisex,E:\贝强大文件\01_产品资产\02_可发布素材\00_最终上传\BQ036_8025\00_上架填写表.md
BQ036,8025,BQ036-R1,BQ036-R1 / 8025,High Top Casual Walking and Streetwear,high top knit sneakers; sock sneakers slip on; high top casual walking and streetwear,High Top Knit Sock Sneakers Slip-On EVA Sole Casual Walking Shoes Unisex for High Top Casual Walking and Streetwear Model 8025,126,High Top Knit Sock Sneakers Slip-On EVA Sole Casual Walking Shoes Unisex,E:\贝强大文件\01_产品资产\02_可发布素材\00_最终上传\BQ036_8025\00_上架填写表.md
BQ036,8025,BQ036-W1,BQ036-W1 / 8025,Core wholesale sourcing,wholesale high top knit sneakers; factory supply sock sneakers slip on; bulk casual walking shoes wholesale,Wholesale High Top Knit Sock Sneakers Slip-On EVA Sole Casual Walking Shoes Unisex Factory Supply Model 8025,108,High Top Knit Sock Sneakers Slip-On EVA Sole Casual Walking Shoes Unisex,E:\贝强大文件\01_产品资产\02_可发布素材\00_最终上传\BQ036_8025\00_上架填写表.md
BQ037,H7116,BQ037-O1,BQ037-O1 / H7116,OEM ODM custom logo and private-label sourcing,custom logo lace up walking shoes; OEM shoes; private label footwear supplier,Custom Logo Knit Lace-Up Shoes Rubber Toe Cap EVA Sole Walking Sneakers with Fleece Option OEM ODM Private Label Model H7116,124,Knit Lace-Up Casual Shoes Rubber Toe Cap EVA Sole Walking Sneakers with Fleece Option,E:\贝强大文件\01_产品资产\02_可发布素材\00_最终上传\BQ037_H7116\00_上架填写表.md
BQ037,H7116,BQ037-R1,BQ037-R1 / H7116,Autumn Winter Walking and Casual Wear,lace up walking shoes; knit casual sneakers; autumn winter walking and casual wear,Knit Lace-Up Casual Shoes Rubber Toe Cap EVA Sole Walking Sneakers with Fleece Option for Autumn Winter Walking Model H7116,123,Knit Lace-Up Casual Shoes Rubber Toe Cap EVA Sole Walking Sneakers with Fleece Option,E:\贝强大文件\01_产品资产\02_可发布素材\00_最终上传\BQ037_H7116\00_上架填写表.md
BQ037,H7116,BQ037-W1,BQ037-W1 / H7116,Core wholesale sourcing,wholesale lace up walking shoes; factory supply knit casual sneakers; bulk breathable walking shoes,Wholesale Knit Lace-Up Casual Shoes Rubber Toe Cap EVA Sole Walking Sneakers with Fleece Option Factory Supply Model H7116,122,Knit Lace-Up Casual Shoes Rubber Toe Cap EVA Sole Walking Sneakers with Fleece Option,E:\贝强大文件\01_产品资产\02_可发布素材\00_最终上传\BQ037_H7116\00_上架填写表.md
BQ038,M889,BQ038-O1,BQ038-O1 / M889,OEM ODM custom logo and private-label sourcing,custom logo lace up walking shoes; OEM shoes; private label footwear supplier,Custom Logo Knit Lace-Up Chunky Sole Walking Shoes EVA Cushion Sneakers with Fleece Option OEM ODM Private Label Model M889,123,Knit Lace-Up Chunky Sole Walking Shoes EVA Cushion Casual Sneakers with Fleece Option,E:\贝强大文件\01_产品资产\02_可发布素材\00_最终上传\BQ038_M889\00_上架填写表.md
BQ038,M889,BQ038-R1,BQ038-R1 / M889,Autumn Winter Walking and Casual Wear,lace up walking shoes; knit casual sneakers; autumn winter walking and casual wear,Knit Lace-Up Chunky Sole Walking Shoes EVA Cushion Casual Sneakers with Fleece Option for Autumn Winter Walking Model M889,122,Knit Lace-Up Chunky Sole Walking Shoes EVA Cushion Casual Sneakers with Fleece Option,E:\贝强大文件\01_产品资产\02_可发布素材\00_最终上传\BQ038_M889\00_上架填写表.md
BQ038,M889,BQ038-W1,BQ038-W1 / M889,Core wholesale sourcing,wholesale lace up walking shoes; factory supply knit casual sneakers; bulk breathable walking shoes,Wholesale Knit Lace-Up Chunky Sole Walking Shoes EVA Cushion Casual Sneakers with Fleece Option Factory Supply Model M889,121,Knit Lace-Up Chunky Sole Walking Shoes EVA Cushion Casual Sneakers with Fleece Option,E:\贝强大文件\01_产品资产\02_可发布素材\00_最终上传\BQ038_M889\00_上架填写表.md
BQ039,155,BQ039-O1,BQ039-O1 / 155,OEM ODM custom logo and private-label sourcing,custom logo high top knit sneakers; OEM shoes; private label footwear supplier,Custom Logo High Top Knit Sock Sneakers Slip-On Segmented Sole Casual Shoes Unisex OEM ODM Private Label Model 155,114,High Top Knit Sock Sneakers Slip-On Segmented Sole Casual Shoes Unisex,E:\贝强大文件\01_产品资产\02_可发布素材\00_最终上传\BQ039_155\00_上架填写表.md
BQ039,155,BQ039-R1,BQ039-R1 / 155,High Top Casual Walking and Streetwear,high top knit sneakers; sock sneakers slip on; high top casual walking and streetwear,High Top Knit Sock Sneakers Slip-On Segmented Sole Casual Shoes Unisex for High Top Casual Walking and Streetwear Model 155,123,High Top Knit Sock Sneakers Slip-On Segmented Sole Casual Shoes Unisex,E:\贝强大文件\01_产品资产\02_可发布素材\00_最终上传\BQ039_155\00_上架填写表.md
BQ039,155,BQ039-W1,BQ039-W1 / 155,Core wholesale sourcing,wholesale high top knit sneakers; factory supply sock sneakers slip on; bulk casual walking shoes wholesale,Wholesale High Top Knit Sock Sneakers Slip-On Segmented Sole Casual Shoes Unisex Factory Supply Model 155,105,High Top Knit Sock Sneakers Slip-On Segmented Sole Casual Shoes Unisex,E:\贝强大文件\01_产品资产\02_可发布素材\00_最终上传\BQ039_155\00_上架填写表.md
BQ040,1689,BQ040-O1,BQ040-O1 / 1689,OEM ODM custom logo and private-label sourcing,custom logo slip on walking shoes; OEM shoes; private label footwear supplier,Custom Logo Men's Knit Slip-On Walking Shoes MD Foam Segmented Sole Lightweight Casual Sneakers OEM ODM Private Label Model 1689,128,Men's Knit Slip-On Walking Shoes MD Foam Segmented Sole Lightweight Casual Sneakers,E:\贝强大文件\01_产品资产\02_可发布素材\00_最终上传\BQ040_1689\00_上架填写表.md
BQ040,1689,BQ040-R1,BQ040-R1 / 1689,Travel Commuting and Daily Wear,slip on walking shoes; knit casual sneakers; travel commuting and daily wear,Men's Knit Slip-On Walking Shoes MD Foam Segmented Sole Lightweight Casual Sneakers for Travel Commuting Model 1689,115,Men's Knit Slip-On Walking Shoes MD Foam Segmented Sole Lightweight Casual Sneakers,E:\贝强大文件\01_产品资产\02_可发布素材\00_最终上传\BQ040_1689\00_上架填写表.md
BQ040,1689,BQ040-W1,BQ040-W1 / 1689,Core wholesale sourcing,wholesale slip on walking shoes; factory supply knit casual sneakers; bulk lightweight walking shoes,Wholesale Men's Knit Slip-On Walking Shoes MD Foam Segmented Sole Lightweight Casual Sneakers Factory Supply Model 1689,119,Men's Knit Slip-On Walking Shoes MD Foam Segmented Sole Lightweight Casual Sneakers,E:\贝强大文件\01_产品资产\02_可发布素材\00_最终上传\BQ040_1689\00_上架填写表.md
BQ041,202,BQ041-O1,BQ041-O1 / 202,OEM ODM custom logo and private-label sourcing,custom logo kids walking shoes; OEM shoes; private label footwear supplier,Custom Logo Kids Knit Slip-On Walking Shoes Casual Sneakers OEM ODM Private Label Footwear Supplier Model 202,109,Kids Knit Slip-On Walking Shoes Casual Sneakers,E:\贝强大文件\01_产品资产\02_可发布素材\00_最终上传\BQ041_202\00_上架填写表.md
BQ041,202,BQ041-R1,BQ041-R1 / 202,Kids School and Daily Walking,kids walking shoes; children casual sneakers; kids school and daily walking,Kids Knit Slip-On Walking Shoes Casual Sneakers for Kids School and Daily Walking Model 202,91,Kids Knit Slip-On Walking Shoes Casual Sneakers,E:\贝强大文件\01_产品资产\02_可发布素材\00_最终上传\BQ041_202\00_上架填写表.md
BQ041,202,BQ041-W1,BQ041-W1 / 202,Core wholesale sourcing,wholesale kids walking shoes; factory supply children casual sneakers; bulk school shoes wholesale,Wholesale Kids Knit Slip-On Walking Shoes Casual Sneakers Factory Supply Model 202,82,Kids Knit Slip-On Walking Shoes Casual Sneakers,E:\贝强大文件\01_产品资产\02_可发布素材\00_最终上传\BQ041_202\00_上架填写表.md
BQ042,206,BQ042-O1,BQ042-O1 / 206,OEM ODM custom logo and private-label sourcing,custom logo lace up walking shoes; OEM shoes; private label footwear supplier,Custom Logo Knit Lace-Up Walking Shoes Regular Fit Casual Sneakers OEM ODM Private Label Footwear Supplier Model 206,116,Knit Lace-Up Walking Shoes Regular Fit Casual Sneakers,E:\贝强大文件\01_产品资产\02_可发布素材\00_最终上传\BQ042_206\00_上架填写表.md
BQ042,206,BQ042-R1,BQ042-R1 / 206,Daily Walking and Casual Wear,lace up walking shoes; knit casual sneakers; daily walking and casual wear,Knit Lace-Up Walking Shoes Regular Fit Casual Sneakers for Daily Walking and Casual Wear Model 206,98,Knit Lace-Up Walking Shoes Regular Fit Casual Sneakers,E:\贝强大文件\01_产品资产\02_可发布素材\00_最终上传\BQ042_206\00_上架填写表.md
BQ042,206,BQ042-W1,BQ042-W1 / 206,Core wholesale sourcing,wholesale lace up walking shoes; factory supply knit casual sneakers; bulk breathable walking shoes,Wholesale Knit Lace-Up Walking Shoes Regular Fit Casual Sneakers Factory Supply Model 206,89,Knit Lace-Up Walking Shoes Regular Fit Casual Sneakers,E:\贝强大文件\01_产品资产\02_可发布素材\00_最终上传\BQ042_206\00_上架填写表.md
BQ043,8008,BQ043-O1,BQ043-O1 / 8008,OEM ODM custom logo and private-label sourcing,custom logo lace up walking shoes; OEM shoes; private label footwear supplier,Custom Logo Knit Lace-Up Chunky Sole Walking Shoes EVA Casual Sneakers OEM ODM Private Label Footwear Supplier Model 8008,121,Knit Lace-Up Chunky Sole Walking Shoes EVA Casual Sneakers,E:\贝强大文件\01_产品资产\02_可发布素材\00_最终上传\BQ043_8008\00_上架填写表.md
BQ043,8008,BQ043-R1,BQ043-R1 / 8008,Daily Walking and Casual Wear,lace up walking shoes; knit casual sneakers; daily walking and casual wear,Knit Lace-Up Chunky Sole Walking Shoes EVA Casual Sneakers for Daily Walking and Casual Wear Model 8008,103,Knit Lace-Up Chunky Sole Walking Shoes EVA Casual Sneakers,E:\贝强大文件\01_产品资产\02_可发布素材\00_最终上传\BQ043_8008\00_上架填写表.md
BQ043,8008,BQ043-W1,BQ043-W1 / 8008,Core wholesale sourcing,wholesale lace up walking shoes; factory supply knit casual sneakers; bulk breathable walking shoes,Wholesale Knit Lace-Up Chunky Sole Walking Shoes EVA Casual Sneakers Factory Supply Model 8008,94,Knit Lace-Up Chunky Sole Walking Shoes EVA Casual Sneakers,E:\贝强大文件\01_产品资产\02_可发布素材\00_最终上传\BQ043_8008\00_上架填写表.md
BQ044,811,BQ044-O1,BQ044-O1 / 811,OEM ODM custom logo and private-label sourcing,custom logo lace up walking shoes; OEM shoes; private label footwear supplier,Custom Logo Knit Lace-Up Casual Walking Shoes Rubber Plastic Sole OEM ODM Private Label Footwear Supplier Model 811,115,Knit Lace-Up Casual Walking Shoes Rubber Plastic Sole,E:\贝强大文件\01_产品资产\02_可发布素材\00_最终上传\BQ044_811\00_上架填写表.md
BQ044,811,BQ044-R1,BQ044-R1 / 811,Daily Walking and Casual Wear,lace up walking shoes; knit casual sneakers; daily walking and casual wear,Knit Lace-Up Casual Walking Shoes Rubber Plastic Sole for Daily Walking and Casual Wear Model 811,97,Knit Lace-Up Casual Walking Shoes Rubber Plastic Sole,E:\贝强大文件\01_产品资产\02_可发布素材\00_最终上传\BQ044_811\00_上架填写表.md
BQ044,811,BQ044-W1,BQ044-W1 / 811,Core wholesale sourcing,wholesale lace up walking shoes; factory supply knit casual sneakers; bulk breathable walking shoes,Wholesale Knit Lace-Up Casual Walking Shoes Rubber Plastic Sole Factory Supply Model 811,88,Knit Lace-Up Casual Walking Shoes Rubber Plastic Sole,E:\贝强大文件\01_产品资产\02_可发布素材\00_最终上传\BQ044_811\00_上架填写表.md
BQ045,A012,BQ045-O1,BQ045-O1 / A012,OEM ODM custom logo and private-label sourcing,custom logo high top knit sneakers; OEM shoes; private label footwear supplier,Custom Logo Men's High Top Knit Slip-On Sock Sneakers OEM ODM Private Label Footwear Supplier Model A012,104,Men's High Top Knit Slip-On Sock Sneakers,E:\贝强大文件\01_产品资产\02_可发布素材\00_最终上传\BQ045_A012\00_上架填写表.md
BQ045,A012,BQ045-R1,BQ045-R1 / A012,Men's High Top Casual Walking,high top knit sneakers; sock sneakers slip on; men's high top casual walking,Men's High Top Knit Slip-On Sock Sneakers for Men's High Top Casual Walking Model A012,86,Men's High Top Knit Slip-On Sock Sneakers,E:\贝强大文件\01_产品资产\02_可发布素材\00_最终上传\BQ045_A012\00_上架填写表.md
BQ045,A012,BQ045-W1,BQ045-W1 / A012,Core wholesale sourcing,wholesale high top knit sneakers; factory supply sock sneakers slip on; bulk casual walking shoes wholesale,Wholesale Men's High Top Knit Slip-On Sock Sneakers Factory Supply Model A012,77,Men's High Top Knit Slip-On Sock Sneakers,E:\贝强大文件\01_产品资产\02_可发布素材\00_最终上传\BQ045_A012\00_上架填写表.md
BQ046,A155,BQ046-O1,BQ046-O1 / A155,OEM ODM custom logo and private-label sourcing,custom logo high top knit sneakers; OEM shoes; private label footwear supplier,Custom Logo High Top Knit Slip-On Sock Sneakers Unisex OEM ODM Private Label Footwear Supplier Model A155,105,High Top Knit Slip-On Sock Sneakers Unisex,E:\贝强大文件\01_产品资产\02_可发布素材\00_最终上传\BQ046_A155\00_上架填写表.md
BQ046,A155,BQ046-R1,BQ046-R1 / A155,High Top Casual Walking and Streetwear,high top knit sneakers; sock sneakers slip on; high top casual walking and streetwear,High Top Knit Slip-On Sock Sneakers Unisex for High Top Casual Walking and Streetwear Model A155,96,High Top Knit Slip-On Sock Sneakers Unisex,E:\贝强大文件\01_产品资产\02_可发布素材\00_最终上传\BQ046_A155\00_上架填写表.md
BQ046,A155,BQ046-W1,BQ046-W1 / A155,Core wholesale sourcing,wholesale high top knit sneakers; factory supply sock sneakers slip on; bulk casual walking shoes wholesale,Wholesale High Top Knit Slip-On Sock Sneakers Unisex Factory Supply Model A155,78,High Top Knit Slip-On Sock Sneakers Unisex,E:\贝强大文件\01_产品资产\02_可发布素材\00_最终上传\BQ046_A155\00_上架填写表.md
BQ047,A189,BQ047-O1,BQ047-O1 / A189,OEM ODM custom logo and private-label sourcing,custom logo high top knit sneakers; OEM shoes; private label footwear supplier,Custom Logo Men's High Top Knit Slip-On Shoes EVA Blend Sole Casual Sock Sneakers OEM ODM Private Label Model A189,114,Men's High Top Knit Slip-On Shoes EVA Blend Sole Casual Sock Sneakers,E:\贝强大文件\01_产品资产\02_可发布素材\00_最终上传\BQ047_A189\00_上架填写表.md
BQ047,A189,BQ047-R1,BQ047-R1 / A189,Men's High Top Casual Walking,high top knit sneakers; sock sneakers slip on; men's high top casual walking,Men's High Top Knit Slip-On Shoes EVA Blend Sole Casual Sock Sneakers for Men's High Top Casual Walking Model A189,114,Men's High Top Knit Slip-On Shoes EVA Blend Sole Casual Sock Sneakers,E:\贝强大文件\01_产品资产\02_可发布素材\00_最终上传\BQ047_A189\00_上架填写表.md
BQ047,A189,BQ047-W1,BQ047-W1 / A189,Core wholesale sourcing,wholesale high top knit sneakers; factory supply sock sneakers slip on; bulk casual walking shoes wholesale,Wholesale Men's High Top Knit Slip-On Shoes EVA Blend Sole Casual Sock Sneakers Factory Supply Model A189,105,Men's High Top Knit Slip-On Shoes EVA Blend Sole Casual Sock Sneakers,E:\贝强大文件\01_产品资产\02_可发布素材\00_最终上传\BQ047_A189\00_上架填写表.md
BQ048,A212,BQ048-O1,BQ048-O1 / A212,OEM ODM custom logo and private-label sourcing,custom logo slip on walking shoes; OEM shoes; private label footwear supplier,Custom Logo Knit Slip-On Walking Shoes with Fleece Option OEM ODM Private Label Footwear Supplier Model A212,108,Knit Slip-On Walking Shoes with Fleece Option,E:\贝强大文件\01_产品资产\02_可发布素材\00_最终上传\BQ048_A212\00_上架填写表.md
BQ048,A212,BQ048-R1,BQ048-R1 / A212,Autumn Winter Walking and Casual Wear,slip on walking shoes; knit casual sneakers; autumn winter walking and casual wear,Knit Slip-On Walking Shoes with Fleece Option for Autumn Winter Walking and Casual Wear Model A212,98,Knit Slip-On Walking Shoes with Fleece Option,E:\贝强大文件\01_产品资产\02_可发布素材\00_最终上传\BQ048_A212\00_上架填写表.md
BQ048,A212,BQ048-W1,BQ048-W1 / A212,Core wholesale sourcing,wholesale slip on walking shoes; factory supply knit casual sneakers; bulk lightweight walking shoes,Wholesale Knit Slip-On Walking Shoes with Fleece Option Factory Supply Model A212,81,Knit Slip-On Walking Shoes with Fleece Option,E:\贝强大文件\01_产品资产\02_可发布素材\00_最终上传\BQ048_A212\00_上架填写表.md
BQ049,A230,BQ049-O1,BQ049-O1 / A230,OEM ODM custom logo and private-label sourcing,custom logo lace up walking shoes; OEM shoes; private label footwear supplier,Custom Logo Knit Lace-Up Walking Shoes Lightweight Cushion Sole Casual Sneakers Unisex OEM ODM Private Label Model A230,119,Knit Lace-Up Walking Shoes Lightweight Cushion Sole Casual Sneakers Unisex,E:\贝强大文件\01_产品资产\02_可发布素材\00_最终上传\BQ049_A230\00_上架填写表.md
BQ049,A230,BQ049-R1,BQ049-R1 / A230,Daily Walking and Casual Wear,lace up walking shoes; knit casual sneakers; daily walking and casual wear,Knit Lace-Up Walking Shoes Lightweight Cushion Sole Casual Sneakers Unisex for Daily Walking and Casual Wear Model A230,119,Knit Lace-Up Walking Shoes Lightweight Cushion Sole Casual Sneakers Unisex,E:\贝强大文件\01_产品资产\02_可发布素材\00_最终上传\BQ049_A230\00_上架填写表.md
BQ049,A230,BQ049-W1,BQ049-W1 / A230,Core wholesale sourcing,wholesale lace up walking shoes; factory supply knit casual sneakers; bulk breathable walking shoes,Wholesale Knit Lace-Up Walking Shoes Lightweight Cushion Sole Casual Sneakers Unisex Factory Supply Model A230,110,Knit Lace-Up Walking Shoes Lightweight Cushion Sole Casual Sneakers Unisex,E:\贝强大文件\01_产品资产\02_可发布素材\00_最终上传\BQ049_A230\00_上架填写表.md
BQ050,A828,BQ050-O1,BQ050-O1 / A828,OEM ODM custom logo and private-label sourcing,custom logo lace up walking shoes; OEM shoes; private label footwear supplier,Custom Logo Knit Lace-Up Casual Walking Shoes Regular Fit OEM ODM Private Label Footwear Supplier Model A828,108,Knit Lace-Up Casual Walking Shoes Regular Fit,E:\贝强大文件\01_产品资产\02_可发布素材\00_最终上传\BQ050_A828\00_上架填写表.md
BQ050,A828,BQ050-R1,BQ050-R1 / A828,Daily Walking and Casual Wear,lace up walking shoes; knit casual sneakers; daily walking and casual wear,Knit Lace-Up Casual Walking Shoes Regular Fit for Daily Walking and Casual Wear Model A828,90,Knit Lace-Up Casual Walking Shoes Regular Fit,E:\贝强大文件\01_产品资产\02_可发布素材\00_最终上传\BQ050_A828\00_上架填写表.md
BQ050,A828,BQ050-W1,BQ050-W1 / A828,Core wholesale sourcing,wholesale lace up walking shoes; factory supply knit casual sneakers; bulk breathable walking shoes,Wholesale Knit Lace-Up Casual Walking Shoes Regular Fit Factory Supply Model A828,81,Knit Lace-Up Casual Walking Shoes Regular Fit,E:\贝强大文件\01_产品资产\02_可发布素材\00_最终上传\BQ050_A828\00_上架填写表.md
BQ051,K6689,BQ051-O1,BQ051-O1 / K6689,OEM ODM custom logo and private-label sourcing,custom logo slip on walking shoes; OEM shoes; private label footwear supplier,Custom Logo Knit Slip-On Walking Shoes Rubber Sole Casual Sneakers OEM ODM Private Label Footwear Supplier Model K6689,118,Knit Slip-On Walking Shoes Rubber Sole Casual Sneakers,E:\贝强大文件\01_产品资产\02_可发布素材\00_最终上传\BQ051_K6689\00_上架填写表.md
BQ051,K6689,BQ051-R1,BQ051-R1 / K6689,Travel Commuting and Daily Wear,slip on walking shoes; knit casual sneakers; travel commuting and daily wear,Knit Slip-On Walking Shoes Rubber Sole Casual Sneakers for Travel Commuting and Daily Wear Model K6689,102,Knit Slip-On Walking Shoes Rubber Sole Casual Sneakers,E:\贝强大文件\01_产品资产\02_可发布素材\00_最终上传\BQ051_K6689\00_上架填写表.md
BQ051,K6689,BQ051-W1,BQ051-W1 / K6689,Core wholesale sourcing,wholesale slip on walking shoes; factory supply knit casual sneakers; bulk lightweight walking shoes,Wholesale Knit Slip-On Walking Shoes Rubber Sole Casual Sneakers Factory Supply Model K6689,91,Knit Slip-On Walking Shoes Rubber Sole Casual Sneakers,E:\贝强大文件\01_产品资产\02_可发布素材\00_最终上传\BQ051_K6689\00_上架填写表.md
BQ052,9212,BQ052-O1,BQ052-O1 / 9212,OEM ODM custom logo and private-label sourcing,custom logo lace up walking shoes; OEM shoes; private label footwear supplier,Custom Logo Knit Lace-Up Bubble Sole Casual Walking Shoes Regular Fit OEM ODM Private Label Footwear Supplier Model 9212,120,Knit Lace-Up Bubble Sole Casual Walking Shoes Regular Fit,E:\贝强大文件\01_产品资产\02_可发布素材\00_最终上传\BQ052_9212\00_上架填写表.md
BQ052,9212,BQ052-R1,BQ052-R1 / 9212,Large Size Daily Walking and Casual Wear,lace up walking shoes; knit casual sneakers; large size daily walking and casual wear,Knit Lace-Up Bubble Sole Casual Walking Shoes Regular Fit for Large Size Daily Walking and Casual Wear Model 9212,113,Knit Lace-Up Bubble Sole Casual Walking Shoes Regular Fit,E:\贝强大文件\01_产品资产\02_可发布素材\00_最终上传\BQ052_9212\00_上架填写表.md
BQ052,9212,BQ052-W1,BQ052-W1 / 9212,Core wholesale sourcing,wholesale lace up walking shoes; factory supply knit casual sneakers; bulk breathable walking shoes,Wholesale Knit Lace-Up Bubble Sole Casual Walking Shoes Regular Fit Factory Supply Model 9212,93,Knit Lace-Up Bubble Sole Casual Walking Shoes Regular Fit,E:\贝强大文件\01_产品资产\02_可发布素材\00_最终上传\BQ052_9212\00_上架填写表.md
BQ059,A1888,BQ059-O1,BQ059-O1 / A1888,OEM ODM custom logo and private-label sourcing,custom logo high top knit sneakers; OEM shoes; private label footwear supplier,Custom Logo High Top Knit Sock Sneakers Slip-On Cushion Sole Casual Walking Shoes OEM ODM Private Label Model A1888,115,High Top Knit Sock Sneakers Slip-On Cushion Sole Casual Walking Shoes,E:\贝强大文件\01_产品资产\02_可发布素材\00_最终上传\BQ059_A1888\00_上架填写表.md
BQ059,A1888,BQ059-R1,BQ059-R1 / A1888,High Top Casual Walking and Streetwear,high top knit sneakers; sock sneakers slip on; high top casual walking and streetwear,High Top Knit Sock Sneakers Slip-On Cushion Sole Casual Walking Shoes for High Top Casual Walking and Streetwear Model A1888,124,High Top Knit Sock Sneakers Slip-On Cushion Sole Casual Walking Shoes,E:\贝强大文件\01_产品资产\02_可发布素材\00_最终上传\BQ059_A1888\00_上架填写表.md
BQ059,A1888,BQ059-W1,BQ059-W1 / A1888,Core wholesale sourcing,wholesale high top knit sneakers; factory supply sock sneakers slip on; bulk casual walking shoes wholesale,Wholesale High Top Knit Sock Sneakers Slip-On Cushion Sole Casual Walking Shoes Factory Supply Model A1888,106,High Top Knit Sock Sneakers Slip-On Cushion Sole Casual Walking Shoes,E:\贝强大文件\01_产品资产\02_可发布素材\00_最终上传\BQ059_A1888\00_上架填写表.md
