product_id,model,title,image_no,url,status,reason,cache,metrics
1601939651515,,Wholesale Regular Fit Knit Lace-Up Casual Walking Shoes Large Size Factory Supply Model ZX2212,1,https://sc04.alicdn.com/kf/Sf849ce3cd2aa4cb68306c62b3c21baadf.jpg,REVIEW,主体占画布偏小(0.32)，需人工确认点击辨识度,C:\Users\spq\Desktop\贝强\02_Alibaba运营\01_店铺与全店诊断\全量商品审查_2026-09-04\主图视觉二次筛查_2026-09-04\cache\670fbf8c5045dc2c3493f1e28f322409504f8ae2.jpg,border_var=5.0;occupancy=0.32;edge_chroma=0.00;edge_dark=0.02
12000003229472,,OEM Breathable Mesh Chunky Walking Shoes Lightweight Cushioned Lace-Up Casual Sneakers EU 36-45,1,https://sc04.alicdn.com/kf/Af93deb2bf62f486296b993a44c1d9492B.png,PASS_HEURISTIC,,C:\Users\spq\Desktop\贝强\02_Alibaba运营\01_店铺与全店诊断\全量商品审查_2026-09-04\主图视觉二次筛查_2026-09-04\cache\359e1024e3b48a770ce35985aee225ce881ebf87.jpg,border_var=0.3;occupancy=0.75;edge_chroma=0.01;edge_dark=0.05
1601939751023,,Regular Fit Knit Lace-Up Casual Walking Shoes Large Size for Large Size Daily Walking and Casual Wear Model ZX2212,1,https://sc04.alicdn.com/kf/Sffb2ded9b1374897ba85ef82c6d4161eg.jpg,REVIEW,主体占画布偏小(0.30)，需人工确认点击辨识度,C:\Users\spq\Desktop\贝强\02_Alibaba运营\01_店铺与全店诊断\全量商品审查_2026-09-04\主图视觉二次筛查_2026-09-04\cache\f9a7546680f267ef92c05ece864dc1fcb3c0db9a.jpg,border_var=11.0;occupancy=0.30;edge_chroma=0.00;edge_dark=0.00
1601939722196,,Custom Logo Regular Fit Knit Lace-Up Casual Walking Shoes Large Size OEM ODM Private Label Footwear Supplier Model ZX2212,1,https://sc04.alicdn.com/kf/S3bdd33085efc4671a99fd2df7ca64f03T.jpg,REVIEW,主体占画布偏小(0.33)，需人工确认点击辨识度,C:\Users\spq\Desktop\贝强\02_Alibaba运营\01_店铺与全店诊断\全量商品审查_2026-09-04\主图视觉二次筛查_2026-09-04\cache\ee5039e4e4f4c7fecb9c0e1c70250955b572d7bf.jpg,border_var=11.7;occupancy=0.33;edge_chroma=0.03;edge_dark=0.01
1601939693331,,Wholesale Wide Toe Box Knit Lace-Up Walking Shoes Large Size Factory Supply Model ZX2116,1,https://sc04.alicdn.com/kf/S1f966b8e448444349ed38518718a73f3P.jpg,REVIEW,主体占画布偏小(0.32)，需人工确认点击辨识度,C:\Users\spq\Desktop\贝强\02_Alibaba运营\01_店铺与全店诊断\全量商品审查_2026-09-04\主图视觉二次筛查_2026-09-04\cache\3629268a77025eb06316736c28d2557d0598fe98.jpg,border_var=5.0;occupancy=0.32;edge_chroma=0.00;edge_dark=0.03
1601939667426,,Wide Toe Box Knit Lace-Up Walking Shoes Large Size for Wide Fit Daily Walking Model ZX2116,1,https://sc04.alicdn.com/kf/S1c996f7849634717932581493a6a7d95m.jpg,REVIEW,主体占画布偏小(0.33)，需人工确认点击辨识度,C:\Users\spq\Desktop\贝强\02_Alibaba运营\01_店铺与全店诊断\全量商品审查_2026-09-04\主图视觉二次筛查_2026-09-04\cache\e6cf6dc807965cc88e182935ecb24954d5b7a4e5.jpg,border_var=11.0;occupancy=0.33;edge_chroma=0.00;edge_dark=0.00
1601939672381,,Wholesale Kids Knit Lace-Up Walking Shoes Factory Supply Model A811,1,https://sc04.alicdn.com/kf/S1f8c34ec59fb44f9b697521a5624f72e1.jpg,PASS_HEURISTIC,,C:\Users\spq\Desktop\贝强\02_Alibaba运营\01_店铺与全店诊断\全量商品审查_2026-09-04\主图视觉二次筛查_2026-09-04\cache\b6a191cc00ec5e3def5badc524227db61ff50bcd.jpg,border_var=5.0;occupancy=0.37;edge_chroma=0.00;edge_dark=0.00
1601939754004,,Custom Logo Wide Toe Box Knit Lace-Up Walking Shoes Large Size OEM ODM Private Label Footwear Supplier Model ZX2116,1,https://sc04.alicdn.com/kf/Sb115546e7d1b4ca29fa4956c07f7de058.jpg,PASS_HEURISTIC,,C:\Users\spq\Desktop\贝强\02_Alibaba运营\01_店铺与全店诊断\全量商品审查_2026-09-04\主图视觉二次筛查_2026-09-04\cache\a9676b62463def2cb4cbc98a13711451bae11671.jpg,border_var=0.0;occupancy=0.51;edge_chroma=0.05;edge_dark=0.04
1601939679363,,Kids Knit Lace-Up Walking Shoes for Kids School and Daily Walking Model A811,1,https://sc04.alicdn.com/kf/Se6f7a88bf0814211a0583bce9bbb684ef.jpg,PASS_HEURISTIC,,C:\Users\spq\Desktop\贝强\02_Alibaba运营\01_店铺与全店诊断\全量商品审查_2026-09-04\主图视觉二次筛查_2026-09-04\cache\6ec059ec8649fac6874c2c6d67d16a9cff14c5d9.jpg,border_var=11.0;occupancy=0.37;edge_chroma=0.00;edge_dark=0.00
1601939615744,,Custom Logo Kids Knit Lace-Up Walking Shoes OEM ODM Private Label Footwear Supplier Model A811,1,https://sc04.alicdn.com/kf/S2d7798ce7e974e94ac02f9ff94a1e5f2s.jpg,PASS_HEURISTIC,,C:\Users\spq\Desktop\贝强\02_Alibaba运营\01_店铺与全店诊断\全量商品审查_2026-09-04\主图视觉二次筛查_2026-09-04\cache\89478c6bff50123344302577c848ec86f6efbab2.jpg,border_var=11.7;occupancy=0.53;edge_chroma=0.00;edge_dark=0.00
1601939607770,,High Top Knit Slip-On Walking Shoes for Autumn Winter Casual Walking Model A025,1,https://sc04.alicdn.com/kf/S2493e32677334553bc9c0356f9379316i.jpg,PASS_HEURISTIC,,C:\Users\spq\Desktop\贝强\02_Alibaba运营\01_店铺与全店诊断\全量商品审查_2026-09-04\主图视觉二次筛查_2026-09-04\cache\cf522be3eb9ce5d34729957a966f25d13dd52d2f.jpg,border_var=11.0;occupancy=0.53;edge_chroma=0.00;edge_dark=0.01
1601939749045,,Wholesale High Top Knit Slip-On Walking Shoes Factory Supply Model A025,1,https://sc04.alicdn.com/kf/S716722739cef479e8c693350a381d7fa9.jpg,PASS_HEURISTIC,,C:\Users\spq\Desktop\贝强\02_Alibaba运营\01_店铺与全店诊断\全量商品审查_2026-09-04\主图视觉二次筛查_2026-09-04\cache\444f24dc6f6e915b55047d052b7117a99626e836.jpg,border_var=5.0;occupancy=0.46;edge_chroma=0.00;edge_dark=0.03
1601939721228,,Custom Logo High Top Knit Slip-On Walking Shoes OEM ODM Private Label Footwear Supplier Model A025,1,https://sc04.alicdn.com/kf/Sf364c6fd585d4c00bad63b289a856b6fI.jpg,PASS_HEURISTIC,,C:\Users\spq\Desktop\贝强\02_Alibaba运营\01_店铺与全店诊断\全量商品审查_2026-09-04\主图视觉二次筛查_2026-09-04\cache\68001f87ba7d5a301993c415ca8e25c7bd1dc2cf.jpg,border_var=11.7;occupancy=0.53;edge_chroma=0.00;edge_dark=0.02
1601939720204,,Wholesale Knit Slip-On Biscuit Sole Casual Walking Shoes Factory Supply Model BISCUIT,1,https://sc04.alicdn.com/kf/S9b94962d041f4cf6b9b6a9ad6b38e29dv.jpg,REVIEW,主体占画布偏小(0.31)，需人工确认点击辨识度,C:\Users\spq\Desktop\贝强\02_Alibaba运营\01_店铺与全店诊断\全量商品审查_2026-09-04\主图视觉二次筛查_2026-09-04\cache\737324ddc1c096180f4de3c42e92858a1c1f56cf.jpg,border_var=5.0;occupancy=0.31;edge_chroma=0.00;edge_dark=0.00
1601939625627,,Knit Slip-On Biscuit Sole Casual Walking Shoes for Travel Commuting and Daily Wear Model BISCUIT,1,https://sc04.alicdn.com/kf/Sa7c186853aed4728b7ad2149661fb385S.jpg,REVIEW,主体占画布偏小(0.31)，需人工确认点击辨识度,C:\Users\spq\Desktop\贝强\02_Alibaba运营\01_店铺与全店诊断\全量商品审查_2026-09-04\主图视觉二次筛查_2026-09-04\cache\1566244537649e4ab18efd7fb614df9df0f168db.jpg,border_var=11.0;occupancy=0.31;edge_chroma=0.00;edge_dark=0.00
1601939705262,,Custom Logo Knit Slip-On Biscuit Sole Casual Walking Shoes OEM ODM Private Label Footwear Supplier Model BISCUIT,1,https://sc04.alicdn.com/kf/Sd501a97c981c4167b95809e5cf01fe101.jpg,REVIEW,"边框背景变化大(136.5)，疑似拼图/条纹/复杂背景；边缘存在强色/深色图形(chroma=0.00,dark=0.48)，疑似非纯净商品主图",C:\Users\spq\Desktop\贝强\02_Alibaba运营\01_店铺与全店诊断\全量商品审查_2026-09-04\主图视觉二次筛查_2026-09-04\cache\bfba9440740ab0560699c3bf8200fc51957c7897.jpg,border_var=136.5;occupancy=1.00;edge_chroma=0.00;edge_dark=0.48
1601939616762,,Wholesale Knit Lace Detail Casual Walking Shoes Factory Supply Model K6116,1,https://sc04.alicdn.com/kf/Sd22844ef0e374cd998061ead5e5163422.jpg,PASS_HEURISTIC,,C:\Users\spq\Desktop\贝强\02_Alibaba运营\01_店铺与全店诊断\全量商品审查_2026-09-04\主图视觉二次筛查_2026-09-04\cache\f508f5a646453622f3222c0c7ecdf0695187a0ba.jpg,border_var=5.0;occupancy=0.37;edge_chroma=0.00;edge_dark=0.00
1601939692338,,Knit Lace Detail Casual Walking Shoes for Daily Walking and Casual Wear Model K6116,1,https://sc04.alicdn.com/kf/Sdf81094251c045669db57fc61d6a98afN.jpg,PASS_HEURISTIC,,C:\Users\spq\Desktop\贝强\02_Alibaba运营\01_店铺与全店诊断\全量商品审查_2026-09-04\主图视觉二次筛查_2026-09-04\cache\7b3771f6a2bb9797843beb7dc32cb543ba690b75.jpg,border_var=11.0;occupancy=0.44;edge_chroma=0.00;edge_dark=0.00
1601939703288,,Custom Logo Knit Lace Detail Casual Walking Shoes OEM ODM Private Label Footwear Supplier Model K6116,1,https://sc04.alicdn.com/kf/Sd833363272e24b12b30dfbc7794cf8ddl.jpg,REVIEW,主体占画布偏小(0.26)，需人工确认点击辨识度,C:\Users\spq\Desktop\贝强\02_Alibaba运营\01_店铺与全店诊断\全量商品审查_2026-09-04\主图视觉二次筛查_2026-09-04\cache\0814387d66b830302ffeffad7917302a7c85a0dd.jpg,border_var=0.0;occupancy=0.26;edge_chroma=0.00;edge_dark=0.00
1601939745065,,Wholesale Knit Lace-Up Walking Shoes Casual Shoes Factory Supply Model T5828,1,https://sc04.alicdn.com/kf/S4f64323e6de545299bf20d9e537afa747.jpg,REVIEW,主体占画布偏小(0.31)，需人工确认点击辨识度,C:\Users\spq\Desktop\贝强\02_Alibaba运营\01_店铺与全店诊断\全量商品审查_2026-09-04\主图视觉二次筛查_2026-09-04\cache\f9d5aa5f9001dd9c35496a02beaa6127564157b1.jpg,border_var=5.0;occupancy=0.31;edge_chroma=0.00;edge_dark=0.02
1601939714238,,Custom Logo Knit Lace-Up Walking Shoes Casual Shoes OEM ODM Private Label Footwear Supplier Model T5828,1,https://sc04.alicdn.com/kf/S867c7d41008a41e2b61f6f0ab6e9051aa.jpg,PASS_HEURISTIC,,C:\Users\spq\Desktop\贝强\02_Alibaba运营\01_店铺与全店诊断\全量商品审查_2026-09-04\主图视觉二次筛查_2026-09-04\cache\ab1241d81b0b2a2e437383ddb522841a4ac095a4.jpg,border_var=11.7;occupancy=0.51;edge_chroma=0.01;edge_dark=0.00
1601939725201,,Knit Lace-Up Walking Shoes Casual Shoes for Daily Walking and Casual Wear Model T5828,1,https://sc04.alicdn.com/kf/S547b4f21e59148438a7b091f0f01ab65R.jpg,REVIEW,主体占画布偏小(0.34)，需人工确认点击辨识度,C:\Users\spq\Desktop\贝强\02_Alibaba运营\01_店铺与全店诊断\全量商品审查_2026-09-04\主图视觉二次筛查_2026-09-04\cache\8f4f185c9f14f2b9ee269224845884b19f97c78c.jpg,border_var=11.0;occupancy=0.34;edge_chroma=0.02;edge_dark=0.00
1601939751016,,Low Cut Knit Slip-On Walking Shoes Casual Shoes for Travel Commuting and Daily Wear Model A1689,1,https://sc04.alicdn.com/kf/Sffa40a1ec6e6404cb4235ffb9ff680bfv.jpg,PASS_HEURISTIC,,C:\Users\spq\Desktop\贝强\02_Alibaba运营\01_店铺与全店诊断\全量商品审查_2026-09-04\主图视觉二次筛查_2026-09-04\cache\27aa76a8c5bd293147acacd2fbd0698773854e27.jpg,border_var=11.0;occupancy=0.42;edge_chroma=0.00;edge_dark=0.02
1601939612707,,Wholesale Low Cut Knit Slip-On Walking Shoes Casual Shoes Factory Supply Model A1689,1,https://sc04.alicdn.com/kf/S69750b7444834cdab69f069c411d2280d.jpg,PASS_HEURISTIC,,C:\Users\spq\Desktop\贝强\02_Alibaba运营\01_店铺与全店诊断\全量商品审查_2026-09-04\主图视觉二次筛查_2026-09-04\cache\c725f982d7af3202b8560d2f356724c799cd35e6.jpg,border_var=5.0;occupancy=0.40;edge_chroma=0.00;edge_dark=0.00
1601939691342,,Wholesale Knit Slip-On Walking Shoes Casual Shoes Factory Supply Model A830,1,https://sc04.alicdn.com/kf/S069f1b946bc14378823f2d1c37ff60a7O.jpg,PASS_HEURISTIC,,C:\Users\spq\Desktop\贝强\02_Alibaba运营\01_店铺与全店诊断\全量商品审查_2026-09-04\主图视觉二次筛查_2026-09-04\cache\816def98f7e32d82d79312b5fa56618da3a074fa.jpg,border_var=5.0;occupancy=0.45;edge_chroma=0.00;edge_dark=0.03
1601939733108,,Custom Logo Low Cut Knit Slip-On Walking Shoes Casual Shoes OEM ODM Private Label Footwear Supplier Model A1689,1,https://sc04.alicdn.com/kf/S6c1ef6a677da4cc883e5182ed885ddd1g.jpg,PASS_HEURISTIC,,C:\Users\spq\Desktop\贝强\02_Alibaba运营\01_店铺与全店诊断\全量商品审查_2026-09-04\主图视觉二次筛查_2026-09-04\cache\42c4495672d88a7516ffe614ff77e1f3d9d93fa8.jpg,border_var=11.7;occupancy=0.42;edge_chroma=0.00;edge_dark=0.03
1601939691340,,Custom Logo Knit Slip-On Walking Shoes Casual Shoes OEM ODM Private Label Footwear Supplier Model A830,1,https://sc04.alicdn.com/kf/S66c14dcbc3b848c9946dfc7e3d2b870bE.jpg,PASS_HEURISTIC,,C:\Users\spq\Desktop\贝强\02_Alibaba运营\01_店铺与全店诊断\全量商品审查_2026-09-04\主图视觉二次筛查_2026-09-04\cache\e65f76d8004e94ca7b824f2f185db771bb16a103.jpg,border_var=0.0;occupancy=0.44;edge_chroma=0.00;edge_dark=0.03
1601939684371,,Knit Slip-On Walking Shoes Casual Shoes for Men's Travel Commuting and Daily Wear Model A830,1,https://sc04.alicdn.com/kf/S3a95773eaf464274826845f8cd5cb5e9H.jpg,REVIEW,主体占画布偏小(0.35)，需人工确认点击辨识度,C:\Users\spq\Desktop\贝强\02_Alibaba运营\01_店铺与全店诊断\全量商品审查_2026-09-04\主图视觉二次筛查_2026-09-04\cache\d8638958442275c419aeda1b526ac9ac5b381f93.jpg,border_var=11.0;occupancy=0.35;edge_chroma=0.01;edge_dark=0.01
1601939722180,,Wholesale Knit Low Cut Slip-On Walking Shoes Casual Shoes Factory Supply Model A505,1,https://sc04.alicdn.com/kf/S9d5a26f942c4424b92575d1d1de95645H.jpg,REVIEW,主体占画布偏小(0.30)，需人工确认点击辨识度,C:\Users\spq\Desktop\贝强\02_Alibaba运营\01_店铺与全店诊断\全量商品审查_2026-09-04\主图视觉二次筛查_2026-09-04\cache\82b104854292e2a8a59672177c276bc8830a5f0a.jpg,border_var=0.0;occupancy=0.30;edge_chroma=0.00;edge_dark=0.00
1601939616754,,Knit Low Cut Slip-On Walking Shoes Casual Shoes for Travel Commuting and Daily Wear Model A505,1,https://sc04.alicdn.com/kf/S671a02e2bd004a4f9f7862c4f982aa49p.jpg,PASS_HEURISTIC,,C:\Users\spq\Desktop\贝强\02_Alibaba运营\01_店铺与全店诊断\全量商品审查_2026-09-04\主图视觉二次筛查_2026-09-04\cache\09e25933ed2037de67da4652671882f8e5fde5e0.jpg,border_var=11.0;occupancy=0.42;edge_chroma=0.00;edge_dark=0.00
1601939641581,,Wholesale Striped Knit Slip-On Walking Shoes Casual Shoes Factory Supply Model A2208,1,https://sc04.alicdn.com/kf/S3db4ff8e009a49dcb1054935819569fc7.jpg,PASS_HEURISTIC,,C:\Users\spq\Desktop\贝强\02_Alibaba运营\01_店铺与全店诊断\全量商品审查_2026-09-04\主图视觉二次筛查_2026-09-04\cache\95c8bfb8bb3056280f89210994e1b1abb339ce96.jpg,border_var=5.0;occupancy=0.43;edge_chroma=0.00;edge_dark=0.00
1601939752005,,Custom Logo Knit Low Cut Slip-On Walking Shoes Casual Shoes OEM ODM Private Label Footwear Supplier Model A505,1,https://sc04.alicdn.com/kf/Sa5cf5d5ec80b495c91f852062f178df5p.jpg,REVIEW,主体占画布偏小(0.29)，需人工确认点击辨识度,C:\Users\spq\Desktop\贝强\02_Alibaba运营\01_店铺与全店诊断\全量商品审查_2026-09-04\主图视觉二次筛查_2026-09-04\cache\672503cec07a33f4541714fc1935850fb9bf83dd.jpg,border_var=0.0;occupancy=0.29;edge_chroma=0.00;edge_dark=0.00
1601939659468,,Striped Knit Slip-On Walking Shoes Casual Shoes for Travel Commuting and Daily Wear Model A2208,1,https://sc04.alicdn.com/kf/S9a355075b7394c388055160064b81400D.jpg,PASS_HEURISTIC,,C:\Users\spq\Desktop\贝强\02_Alibaba运营\01_店铺与全店诊断\全量商品审查_2026-09-04\主图视觉二次筛查_2026-09-04\cache\7fefe927fea8036e53b1c841afde548f000e7706.jpg,border_var=11.0;occupancy=0.43;edge_chroma=0.00;edge_dark=0.00
1601939709218,,Custom Logo Striped Knit Slip-On Walking Shoes Casual Shoes OEM ODM Private Label Footwear Supplier Model A2208,1,https://sc04.alicdn.com/kf/Sd2b99745808649b7a6bbddbb6227cd79C.jpg,PASS_HEURISTIC,,C:\Users\spq\Desktop\贝强\02_Alibaba运营\01_店铺与全店诊断\全量商品审查_2026-09-04\主图视觉二次筛查_2026-09-04\cache\67cdbf49724363806e496f0439ebc89a8a528635.jpg,border_var=11.7;occupancy=0.39;edge_chroma=0.00;edge_dark=0.03
1601939606858,,Wholesale Knit Slip-On Walking Shoes Casual Shoes Factory Supply Model K6212,1,https://sc04.alicdn.com/kf/S2f8de665c58d43b29eaf3c351cf76820m.jpg,REVIEW,主体占画布偏小(0.26)，需人工确认点击辨识度,C:\Users\spq\Desktop\贝强\02_Alibaba运营\01_店铺与全店诊断\全量商品审查_2026-09-04\主图视觉二次筛查_2026-09-04\cache\085674fc3b10a9c79e536c671e3003337975aa1e.jpg,border_var=0.0;occupancy=0.26;edge_chroma=0.00;edge_dark=0.00
1601939709217,,Knit Slip-On Walking Shoes Casual Shoes for Travel Commuting and Daily Wear Model K6212,1,https://sc04.alicdn.com/kf/S1b1d123a73af43fbb33a83a5948b85a04.jpg,REVIEW,主体占画布偏小(0.30)，需人工确认点击辨识度,C:\Users\spq\Desktop\贝强\02_Alibaba运营\01_店铺与全店诊断\全量商品审查_2026-09-04\主图视觉二次筛查_2026-09-04\cache\55829a7d3170439ddcb77811989bdee87ace2c31.jpg,border_var=11.0;occupancy=0.30;edge_chroma=0.00;edge_dark=0.00
1601939712249,,Wholesale Hollow Knit Lace-Up Walking Shoes Summer Casual Shoes Factory Supply Model A218,1,https://sc04.alicdn.com/kf/Sde323a67361d47c28698ea42429edaacu.jpg,REVIEW,主体占画布偏小(0.34)，需人工确认点击辨识度,C:\Users\spq\Desktop\贝强\02_Alibaba运营\01_店铺与全店诊断\全量商品审查_2026-09-04\主图视觉二次筛查_2026-09-04\cache\e27f4d4062db0a689c6bbeb72b27a015cd1fe616.jpg,border_var=5.0;occupancy=0.34;edge_chroma=0.00;edge_dark=0.00
1601939739115,,Custom Logo Knit Slip-On Walking Shoes Casual Shoes OEM ODM Private Label Footwear Supplier Model K6212,1,https://sc04.alicdn.com/kf/S5399a71fc15d4f00b505cd42804a395fK.jpg,PASS_HEURISTIC,,C:\Users\spq\Desktop\贝强\02_Alibaba运营\01_店铺与全店诊断\全量商品审查_2026-09-04\主图视觉二次筛查_2026-09-04\cache\4d4bc76e6e9807ab049278239d51d6abb26864b2.jpg,border_var=11.7;occupancy=0.40;edge_chroma=0.00;edge_dark=0.04
1601939590957,,Hollow Knit Lace-Up Walking Shoes Summer Casual Shoes for Daily Walking and Casual Wear Model A218,1,https://sc04.alicdn.com/kf/H724226d7ea9241cca96e8bdba02a31eby.jpg,REVIEW,主体占画布偏小(0.32)，需人工确认点击辨识度,C:\Users\spq\Desktop\贝强\02_Alibaba运营\01_店铺与全店诊断\全量商品审查_2026-09-04\主图视觉二次筛查_2026-09-04\cache\5e28b69265b6f74a667f18e58a6f60363419425d.jpg,border_var=0.0;occupancy=0.32;edge_chroma=0.00;edge_dark=0.00
1601939625613,,Custom Logo Hollow Knit Lace-Up Walking Shoes Summer Casual Shoes OEM ODM Private Label Footwear Supplier Model A218,1,https://sc04.alicdn.com/kf/S364bf228a15240c4b8ed6aedca2fd224r.jpg,REVIEW,主体占画布偏小(0.35)，需人工确认点击辨识度,C:\Users\spq\Desktop\贝强\02_Alibaba运营\01_店铺与全店诊断\全量商品审查_2026-09-04\主图视觉二次筛查_2026-09-04\cache\36203676fc044dcd99d9252fe15038f6b08cb3b9.jpg,border_var=11.7;occupancy=0.35;edge_chroma=0.00;edge_dark=0.03
1601939616747,,Wholesale Knit Lace-Up Walking Shoes Casual Shoes Factory Supply Model A206,1,https://sc04.alicdn.com/kf/S7f7fa9a7f69d4e79821c3a5bafdfa6184.jpg,PASS_HEURISTIC,,C:\Users\spq\Desktop\贝强\02_Alibaba运营\01_店铺与全店诊断\全量商品审查_2026-09-04\主图视觉二次筛查_2026-09-04\cache\2120a415561275c3cf994dffdbc35a88d2b7956a.jpg,border_var=5.0;occupancy=0.39;edge_chroma=0.00;edge_dark=0.00
1601939602873,,Knit Lace-Up Walking Shoes Casual Shoes for Daily Walking and Casual Wear Model A206,1,https://sc04.alicdn.com/kf/S5daa5d00ce174bc9bd261edccb2d16b37.jpg,PASS_HEURISTIC,,C:\Users\spq\Desktop\贝强\02_Alibaba运营\01_店铺与全店诊断\全量商品审查_2026-09-04\主图视觉二次筛查_2026-09-04\cache\bef22cad2358bd230412c89f29d3a65c639ff96b.jpg,border_var=11.0;occupancy=0.39;edge_chroma=0.00;edge_dark=0.02
1601939726170,,Wholesale Knit Lace-Up Walking Shoes Casual Shoes Factory Supply Model A116,1,https://sc04.alicdn.com/kf/Sae47c4c83bd44db69c4a7279ce613ea4S.jpg,PASS_HEURISTIC,,C:\Users\spq\Desktop\贝强\02_Alibaba运营\01_店铺与全店诊断\全量商品审查_2026-09-04\主图视觉二次筛查_2026-09-04\cache\87d32bb9d78da203617e0a04e342041f69d93c82.jpg,border_var=5.0;occupancy=0.38;edge_chroma=0.00;edge_dark=0.00
1601939695286,,Custom Logo Knit Lace-Up Walking Shoes Casual Shoes OEM ODM Private Label Footwear Supplier Model A206,1,https://sc04.alicdn.com/kf/S035a4ca94a1440b4855c6e4d452c8eb9z.jpg,PASS_HEURISTIC,,C:\Users\spq\Desktop\贝强\02_Alibaba运营\01_店铺与全店诊断\全量商品审查_2026-09-04\主图视觉二次筛查_2026-09-04\cache\b3c052e2436182b514ab38bc4e0e43e7c6a5fbaa.jpg,border_var=11.7;occupancy=0.40;edge_chroma=0.00;edge_dark=0.00
1601939641542,,Knit Lace-Up Walking Shoes Casual Shoes for Daily Walking and Casual Wear Model A116,1,https://sc04.alicdn.com/kf/Scd9353a841b843208f547604bd47f1cdY.jpg,PASS_HEURISTIC,,C:\Users\spq\Desktop\贝强\02_Alibaba运营\01_店铺与全店诊断\全量商品审查_2026-09-04\主图视觉二次筛查_2026-09-04\cache\3517547500c616bba26b7b25e14b06808a791a90.jpg,border_var=11.0;occupancy=0.39;edge_chroma=0.00;edge_dark=0.02
1601939589890,,Custom Logo Knit Lace-Up Walking Shoes Casual Shoes OEM ODM Private Label Footwear Supplier Model A116,1,https://sc04.alicdn.com/kf/Sd7b5ef6db3b249f7bac759148c671b6aD.jpg,PASS_HEURISTIC,,C:\Users\spq\Desktop\贝强\02_Alibaba运营\01_店铺与全店诊断\全量商品审查_2026-09-04\主图视觉二次筛查_2026-09-04\cache\6836d48a6cdff0de8fd44122948384f10581c741.jpg,border_var=11.7;occupancy=0.44;edge_chroma=0.00;edge_dark=0.00
1601939636508,,Wholesale Quilted Knit Lace-Up Walking Shoes Casual Shoes Factory Supply Model A008,1,https://sc04.alicdn.com/kf/S46105e85780549208c296f8a41859586r.jpg,REVIEW,主体占画布偏小(0.27)，需人工确认点击辨识度,C:\Users\spq\Desktop\贝强\02_Alibaba运营\01_店铺与全店诊断\全量商品审查_2026-09-04\主图视觉二次筛查_2026-09-04\cache\624818f9cf7c738e04c40c4e0cbd71a7999ab511.jpg,border_var=5.0;occupancy=0.27;edge_chroma=0.00;edge_dark=0.02
1601939697271,,Quilted Knit Lace-Up Walking Shoes Casual Shoes for Daily Walking and Casual Wear Model A008,1,https://sc04.alicdn.com/kf/S03064ecfca18417aa9f73cb5aebe3752K.jpg,REVIEW,主体占画布偏小(0.33)，需人工确认点击辨识度,C:\Users\spq\Desktop\贝强\02_Alibaba运营\01_店铺与全店诊断\全量商品审查_2026-09-04\主图视觉二次筛查_2026-09-04\cache\5fee49fb28166f08bedbe0a08bd8ac21201fb37a.jpg,border_var=11.0;occupancy=0.33;edge_chroma=0.00;edge_dark=0.01
1601939593839,,Custom Logo Quilted Knit Lace-Up Walking Shoes Casual Shoes OEM ODM Private Label Footwear Supplier Model A008,1,https://sc04.alicdn.com/kf/Sa7303f1e50754f41afe7f8c8892a8cf2m.jpg,PASS_HEURISTIC,,C:\Users\spq\Desktop\贝强\02_Alibaba运营\01_店铺与全店诊断\全量商品审查_2026-09-04\主图视觉二次筛查_2026-09-04\cache\bcb06aa50795dafef69b6d69fcff5a61bd4864eb.jpg,border_var=11.7;occupancy=0.42;edge_chroma=0.00;edge_dark=0.04
1601939608691,,Wholesale Girls' Knit Slip-On Walking Shoes Casual School Shoes Factory Supply Model 201,1,https://sc04.alicdn.com/kf/Hbf577e5357ae43abb9590d1514fec407k.jpg,REVIEW,主体占画布偏小(0.35)，需人工确认点击辨识度,C:\Users\spq\Desktop\贝强\02_Alibaba运营\01_店铺与全店诊断\全量商品审查_2026-09-04\主图视觉二次筛查_2026-09-04\cache\24c2de9d83643dd35347a2c25c10fa1c33fcc315.jpg,border_var=0.0;occupancy=0.35;edge_chroma=0.00;edge_dark=0.00
1601939633580,,Custom Logo Girls' Knit Slip-On Walking Shoes Casual School Shoes OEM ODM Private Label Footwear Supplier Model 201,1,https://sc04.alicdn.com/kf/S398f9e5e19e149da9dd5c01533ee8a39t.jpg,REVIEW,主体占画布偏小(0.32)，需人工确认点击辨识度,C:\Users\spq\Desktop\贝强\02_Alibaba运营\01_店铺与全店诊断\全量商品审查_2026-09-04\主图视觉二次筛查_2026-09-04\cache\aa3b77bbcfdd0259a47c5f303a5cee4fe4443737.jpg,border_var=0.0;occupancy=0.32;edge_chroma=0.00;edge_dark=0.00
1601939691301,,Girls' Knit Slip-On Walking Shoes Casual School Shoes for Girls School and Daily Walking Model 201,1,https://sc04.alicdn.com/kf/Sb6ec50fb969944ca8ed9a2b3ac36eedbl.jpg,REVIEW,主体占画布偏小(0.26)，需人工确认点击辨识度,C:\Users\spq\Desktop\贝强\02_Alibaba运营\01_店铺与全店诊断\全量商品审查_2026-09-04\主图视觉二次筛查_2026-09-04\cache\ad5b42bfd0397a259a1a308dac843459668ea20b.jpg,border_var=11.0;occupancy=0.26;edge_chroma=0.00;edge_dark=0.02
1601939747001,,Knit Slip-On Walking Shoes Toe Cap Casual Sneakers with Lace Detail for Autumn Winter Walking and Casual Wear Model R1811,1,https://sc04.alicdn.com/kf/S54cef79e68514417b1772f21059bbd87J.jpg,REVIEW,主体占画布偏小(0.32)，需人工确认点击辨识度,C:\Users\spq\Desktop\贝强\02_Alibaba运营\01_店铺与全店诊断\全量商品审查_2026-09-04\主图视觉二次筛查_2026-09-04\cache\4366789dad9821e3bfab0e27d56f86ffd791ec28.jpg,border_var=11.0;occupancy=0.32;edge_chroma=0.00;edge_dark=0.00
1601939743040,,Wholesale Knit Slip-On Walking Shoes Toe Cap Casual Sneakers with Lace Detail Factory Supply Model R1811,1,https://sc04.alicdn.com/kf/S4395f9b510a04947a73a07d5788f12d1d.jpg,REVIEW,主体占画布偏小(0.33)，需人工确认点击辨识度,C:\Users\spq\Desktop\贝强\02_Alibaba运营\01_店铺与全店诊断\全量商品审查_2026-09-04\主图视觉二次筛查_2026-09-04\cache\a43b182a2cda1bae18c2e361f93291ce81a574b8.jpg,border_var=5.0;occupancy=0.33;edge_chroma=0.00;edge_dark=0.00
1601939683302,,Custom Logo Knit Slip-On Walking Shoes Toe Cap Casual Sneakers with Lace Detail OEM ODM Private Label Model R1811,1,https://sc04.alicdn.com/kf/Se54a85c939df44acaaa02e1707a7cd8es.jpg,REVIEW,主体占画布偏小(0.34)，需人工确认点击辨识度,C:\Users\spq\Desktop\贝强\02_Alibaba运营\01_店铺与全店诊断\全量商品审查_2026-09-04\主图视觉二次筛查_2026-09-04\cache\e06719ea0e0f60328a3e8434cbf0de679e3eeb32.jpg,border_var=11.7;occupancy=0.34;edge_chroma=0.02;edge_dark=0.00
1601939669411,,Wholesale Knit Slip-On Walking Shoes Casual Sneakers Factory Supply Model A507,1,https://sc04.alicdn.com/kf/S1a816e4603434ca9af721c86860bd4a2B.jpg,PASS_HEURISTIC,,C:\Users\spq\Desktop\贝强\02_Alibaba运营\01_店铺与全店诊断\全量商品审查_2026-09-04\主图视觉二次筛查_2026-09-04\cache\ea3f2354d395cbf2996eb4b7a30b6f5849b2d886.jpg,border_var=5.0;occupancy=0.39;edge_chroma=0.00;edge_dark=0.00
1601939658415,,Knit Slip-On Walking Shoes Casual Sneakers for Travel Commuting and Daily Wear Model A507,1,https://sc04.alicdn.com/kf/S77e0dfcf3eda4fb293e809cce6b4ae40I.jpg,REVIEW,主体占画布偏小(0.29)，需人工确认点击辨识度,C:\Users\spq\Desktop\贝强\02_Alibaba运营\01_店铺与全店诊断\全量商品审查_2026-09-04\主图视觉二次筛查_2026-09-04\cache\0a008e68beff779368dc70e55b3adc0eeeb36fba.jpg,border_var=11.0;occupancy=0.29;edge_chroma=0.00;edge_dark=0.03
1601939608686,,Custom Logo Knit Slip-On Walking Shoes Casual Sneakers OEM ODM Private Label Footwear Supplier Model A507,1,https://sc04.alicdn.com/kf/S31622e44effa48d59a08c5e82f30b487W.jpg,REVIEW,主体占画布偏小(0.34)，需人工确认点击辨识度,C:\Users\spq\Desktop\贝强\02_Alibaba运营\01_店铺与全店诊断\全量商品审查_2026-09-04\主图视觉二次筛查_2026-09-04\cache\1950503bf52286755556b06fc5d2720a7c7ed30f.jpg,border_var=11.7;occupancy=0.34;edge_chroma=0.00;edge_dark=0.00
1601939638522,,Knit Slip-On Walking Shoes Casual Shoes for Travel Commuting and Daily Wear Model T55836,1,https://sc04.alicdn.com/kf/Sfad0738693904e44820340239db81f2bH.jpg,REVIEW,主体占画布偏小(0.31)，需人工确认点击辨识度,C:\Users\spq\Desktop\贝强\02_Alibaba运营\01_店铺与全店诊断\全量商品审查_2026-09-04\主图视觉二次筛查_2026-09-04\cache\afdbd35a6cbb448601f38fc58e9a35d58efbdcde.jpg,border_var=11.0;occupancy=0.31;edge_chroma=0.00;edge_dark=0.01
1601939619687,,Wholesale Knit Slip-On Walking Shoes Casual Shoes Factory Supply Model T55836,1,https://sc04.alicdn.com/kf/S22f063e5991746d18ced08852f59cb4a3.jpg,REVIEW,主体占画布偏小(0.31)，需人工确认点击辨识度,C:\Users\spq\Desktop\贝强\02_Alibaba运营\01_店铺与全店诊断\全量商品审查_2026-09-04\主图视觉二次筛查_2026-09-04\cache\ab1f7a432a911032db1b43c36f0ca8c7b2e34feb.jpg,border_var=5.0;occupancy=0.31;edge_chroma=0.01;edge_dark=0.01
1601939736061,,Custom Logo Knit Slip-On Walking Shoes Casual Shoes OEM ODM Private Label Footwear Supplier Model T55836,1,https://sc04.alicdn.com/kf/Se55a38db0443412a829fce9f98cea790n.png,PASS_HEURISTIC,,C:\Users\spq\Desktop\贝强\02_Alibaba运营\01_店铺与全店诊断\全量商品审查_2026-09-04\主图视觉二次筛查_2026-09-04\cache\06d9cae2194523d4ea4505d02732e063bf55956a.jpg,border_var=0.0;occupancy=0.48;edge_chroma=0.08;edge_dark=0.06
1601939650458,,Wholesale Knit Slip-On Walking Shoes Chunky Casual Shoes with Lace Detail Factory Supply Model M8506,1,https://sc04.alicdn.com/kf/S4d7caa4cf0ce44d2870e1f8d3c9ae332o.jpg,PASS_HEURISTIC,,C:\Users\spq\Desktop\贝强\02_Alibaba运营\01_店铺与全店诊断\全量商品审查_2026-09-04\主图视觉二次筛查_2026-09-04\cache\5a9ae22526e2ab49c763774eaa4a5233726401f7.jpg,border_var=5.0;occupancy=0.38;edge_chroma=0.00;edge_dark=0.00
1601939681367,,Knit Slip-On Walking Shoes Chunky Casual Shoes with Lace Detail for Men's Daily Walking and Casual Wear Model M8506,1,https://sc04.alicdn.com/kf/Sdf5e56347dd14f9cab65d691fe621560m.jpg,REVIEW,主体占画布偏小(0.35)，需人工确认点击辨识度,C:\Users\spq\Desktop\贝强\02_Alibaba运营\01_店铺与全店诊断\全量商品审查_2026-09-04\主图视觉二次筛查_2026-09-04\cache\3fa823761dc9e4ec1d9b8e967a57374db0aac6c2.jpg,border_var=11.0;occupancy=0.35;edge_chroma=0.00;edge_dark=0.01
1601939606805,,Custom Logo Knit Slip-On Walking Shoes Chunky Casual Shoes with Lace Detail OEM ODM Private Label Footwear Supplier Model M8506,1,https://sc04.alicdn.com/kf/Saab4281be8054defb796abe52bfb6826C.png,PASS_HEURISTIC,,C:\Users\spq\Desktop\贝强\02_Alibaba运营\01_店铺与全店诊断\全量商品审查_2026-09-04\主图视觉二次筛查_2026-09-04\cache\a8f24bbdbaf0bc253acb7966a09a24ada2cc9b90.jpg,border_var=0.0;occupancy=0.57;edge_chroma=0.00;edge_dark=0.05
1601939634522,,Wholesale Men's Knit Slip-On Walking Shoes Casual Shoes Factory Supply Model A002,1,https://sc04.alicdn.com/kf/S149e16e176ee4847baf262d3be98803fY.jpg,PASS_HEURISTIC,,C:\Users\spq\Desktop\贝强\02_Alibaba运营\01_店铺与全店诊断\全量商品审查_2026-09-04\主图视觉二次筛查_2026-09-04\cache\19bf9c93855cb02be7e472578e595402eef8cdf7.jpg,border_var=5.0;occupancy=0.48;edge_chroma=0.00;edge_dark=0.00
1601939666421,,Men's Knit Slip-On Walking Shoes Casual Shoes for Commuting and Daily Walking Model A002,1,https://sc04.alicdn.com/kf/Sa9ea974bdbe14b5684c52680c0a7ec7eS.jpg,PASS_HEURISTIC,,C:\Users\spq\Desktop\贝强\02_Alibaba运营\01_店铺与全店诊断\全量商品审查_2026-09-04\主图视觉二次筛查_2026-09-04\cache\2c15f240477e45cdadb92b70f926d9f851dfdf22.jpg,border_var=0.0;occupancy=0.36;edge_chroma=0.00;edge_dark=0.00
1601939589876,,Wholesale Stretch Fabric Low Top Lace-Up Walking Shoes Toe Cap Lightweight Casual Sneakers Factory Supply Model R1601,1,https://sc04.alicdn.com/kf/S131c1295cf36499b8d244c05a4bddfd7l.jpg,REVIEW,主体占画布偏小(0.34)，需人工确认点击辨识度,C:\Users\spq\Desktop\贝强\02_Alibaba运营\01_店铺与全店诊断\全量商品审查_2026-09-04\主图视觉二次筛查_2026-09-04\cache\6e605de7d22ce794d2a02a6daf12cf8f10c8dd61.jpg,border_var=0.0;occupancy=0.34;edge_chroma=0.00;edge_dark=0.01
1601939606803,,Custom Logo Men's Knit Slip-On Walking Shoes Casual Shoes OEM ODM Private Label Footwear Supplier Model A002,1,https://sc04.alicdn.com/kf/S02841e5087294d3da7d1abb9abb8e103G.jpg,REVIEW,主体占画布偏小(0.35)，需人工确认点击辨识度,C:\Users\spq\Desktop\贝强\02_Alibaba运营\01_店铺与全店诊断\全量商品审查_2026-09-04\主图视觉二次筛查_2026-09-04\cache\1e42e8ca6f853c0267adfec121a35c782d50f850.jpg,border_var=0.0;occupancy=0.35;edge_chroma=0.00;edge_dark=0.00
1601939573998,,Custom Logo Stretch Fabric Low Top Lace-Up Walking Shoes Toe Cap Lightweight Casual Sneakers OEM ODM Private Label Model R1601,1,https://sc04.alicdn.com/kf/S1a45962f577843dd86c3c83957066da1o.jpg,REVIEW,主体占画布偏小(0.32)，需人工确认点击辨识度,C:\Users\spq\Desktop\贝强\02_Alibaba运营\01_店铺与全店诊断\全量商品审查_2026-09-04\主图视觉二次筛查_2026-09-04\cache\c7d4adea3dc293cfde77fcb0410143c0bfec679c.jpg,border_var=11.7;occupancy=0.32;edge_chroma=0.00;edge_dark=0.04
1601939734070,,Stretch Fabric Low Top Lace-Up Walking Shoes Toe Cap Casual Sneakers for Daily Walking and Casual Streetwear Model R1601,1,https://sc04.alicdn.com/kf/Scdca3ff583db47b5aa2ca95935320413Q.jpg,REVIEW,主体占画布偏小(0.23)，需人工确认点击辨识度,C:\Users\spq\Desktop\贝强\02_Alibaba运营\01_店铺与全店诊断\全量商品审查_2026-09-04\主图视觉二次筛查_2026-09-04\cache\d7f1c4bc6f03e66999bf6e8de39bbf13be08a21f.jpg,border_var=11.0;occupancy=0.23;edge_chroma=0.00;edge_dark=0.02
1601939661419,,Breathable Mesh Athletic Walking Shoes Thick Sole Casual Sneakers for Athletic Walking and Everyday Training Model L1026,1,https://sc04.alicdn.com/kf/S5d699a70ce1a4b3e9836b2d848e512f8Z.jpg,PASS_HEURISTIC,,C:\Users\spq\Desktop\贝强\02_Alibaba运营\01_店铺与全店诊断\全量商品审查_2026-09-04\主图视觉二次筛查_2026-09-04\cache\34e6dd73353fc56a0d9040b7f0ed4ed629c23be8.jpg,border_var=11.0;occupancy=0.39;edge_chroma=0.00;edge_dark=0.03
1601939675350,,Wholesale Breathable Mesh Athletic Walking Shoes Thick Sole Casual Sneakers Factory Supply Model L1026,1,https://sc04.alicdn.com/kf/S1c33c649e3534938b4fc0a194fd89bb4W.jpg,PASS_HEURISTIC,,C:\Users\spq\Desktop\贝强\02_Alibaba运营\01_店铺与全店诊断\全量商品审查_2026-09-04\主图视觉二次筛查_2026-09-04\cache\f7a7cd295304b25b2e2a4a5a06a28e1e6d342bb1.jpg,border_var=5.0;occupancy=0.40;edge_chroma=0.00;edge_dark=0.02
1601939721165,,,1,,NO_MAIN_IMAGE,无主图,,
1601939625569,,,1,,NO_MAIN_IMAGE,无主图,,
1601939659415,,,1,,NO_MAIN_IMAGE,无主图,,
1601939628529,,Breathable Mesh Lace-Up Athletic Walking Shoes Thick Sole Casual Sneakers for Athletic Walking and Everyday Training Model L1009,1,https://sc04.alicdn.com/kf/S5c84eb5fb507491fb5c7cff9fe3d29f33.jpg,PASS_HEURISTIC,,C:\Users\spq\Desktop\贝强\02_Alibaba运营\01_店铺与全店诊断\全量商品审查_2026-09-04\主图视觉二次筛查_2026-09-04\cache\33d94dfb671249d4ed9cf8f83830b38281f7eb1c.jpg,border_var=11.0;occupancy=0.44;edge_chroma=0.00;edge_dark=0.00
1601939711161,,Knit Elastic Lace Slip-On Walking Shoes Lightweight Foam Sole Casual Sneakers for Travel Commuting and Daily Wear Model L0017,1,https://sc04.alicdn.com/kf/S21c13812797a4937bc2e09f245728757O.jpg,PASS_HEURISTIC,,C:\Users\spq\Desktop\贝强\02_Alibaba运营\01_店铺与全店诊断\全量商品审查_2026-09-04\主图视觉二次筛查_2026-09-04\cache\542067f22de12a77edd57aba87f19a918d6bd699.jpg,border_var=11.0;occupancy=0.36;edge_chroma=0.00;edge_dark=0.01
1601939585913,,Wholesale Knit Elastic Lace Slip-On Walking Shoes Lightweight Foam Sole Casual Sneakers Factory Supply Model L0017,1,https://sc04.alicdn.com/kf/Sbbd44861e28d4389aa80d96fb773a633M.jpg,REVIEW,主体占画布偏小(0.35)，需人工确认点击辨识度,C:\Users\spq\Desktop\贝强\02_Alibaba运营\01_店铺与全店诊断\全量商品审查_2026-09-04\主图视觉二次筛查_2026-09-04\cache\fa426b0cd2cfa963aaeb8c98c3066d7095b7252d.jpg,border_var=5.0;occupancy=0.35;edge_chroma=0.00;edge_dark=0.02
1601939660427,,Wholesale Breathable Knit Lace-Up Walking Shoes Lightweight Chunky EVA Sole Casual Sneakers Factory Supply Model M8811,1,https://sc04.alicdn.com/kf/Sde6d479adaa04057be6ece73e8587fdcV.jpg,REVIEW,主体占画布偏小(0.35)，需人工确认点击辨识度,C:\Users\spq\Desktop\贝强\02_Alibaba运营\01_店铺与全店诊断\全量商品审查_2026-09-04\主图视觉二次筛查_2026-09-04\cache\fcdac59c2485f75672867fb3333a51a3cd0d02e7.jpg,border_var=5.0;occupancy=0.35;edge_chroma=0.00;edge_dark=0.00
1601939701201,,Custom Logo Knit Elastic Lace Slip-On Walking Shoes Lightweight Foam Sole Casual Sneakers OEM ODM Private Label Model L0017,1,https://sc04.alicdn.com/kf/Sbd763c79b11941d89e5c1c841f84ca41W.jpg,REVIEW,主体占画布偏小(0.35)，需人工确认点击辨识度,C:\Users\spq\Desktop\贝强\02_Alibaba运营\01_店铺与全店诊断\全量商品审查_2026-09-04\主图视觉二次筛查_2026-09-04\cache\48afca6a16973110d07753422924297285fd212d.jpg,border_var=11.7;occupancy=0.35;edge_chroma=0.00;edge_dark=0.01
1601939655430,,Breathable Knit Lace-Up Walking Shoes Chunky EVA Sole Sneakers for Daily Walking and Seasonal Collections Model M8811,1,https://sc04.alicdn.com/kf/Sa4eba7356a9543a78cb76cba875bedb97.jpg,PASS_HEURISTIC,,C:\Users\spq\Desktop\贝强\02_Alibaba运营\01_店铺与全店诊断\全量商品审查_2026-09-04\主图视觉二次筛查_2026-09-04\cache\4b1e072662ccf4ad02146bf8cebc8c9366cddd3e.jpg,border_var=11.0;occupancy=0.35;edge_chroma=0.00;edge_dark=0.00
1601939735063,,Custom Logo Breathable Knit Lace-Up Walking Shoes Lightweight Chunky EVA Sole Casual Sneakers OEM ODM Private Label Model M8811,1,https://sc04.alicdn.com/kf/Sa59bdad18b75431f8b14fc31c4544466m.jpg,REVIEW,主体占画布偏小(0.33)，需人工确认点击辨识度,C:\Users\spq\Desktop\贝强\02_Alibaba运营\01_店铺与全店诊断\全量商品审查_2026-09-04\主图视觉二次筛查_2026-09-04\cache\634e39f65f5e999603a34a075b2eac0026da6588.jpg,border_var=11.7;occupancy=0.33;edge_chroma=0.00;edge_dark=0.03
1601939599850,,Wholesale Summer Hollow Knit Lace-Up Walking Shoes Breathable Lightweight Casual Sneakers EVA Sole Factory Supply Model A503,1,https://sc04.alicdn.com/kf/Sf754005cb34340c988c7899ff01609c3z.jpg,PASS_HEURISTIC,,C:\Users\spq\Desktop\贝强\02_Alibaba运营\01_店铺与全店诊断\全量商品审查_2026-09-04\主图视觉二次筛查_2026-09-04\cache\0b284e30e3ede043d888b8daa157425d4daad2ef.jpg,border_var=5.0;occupancy=0.40;edge_chroma=0.00;edge_dark=0.03
1601939712176,,Summer Hollow Knit Lace-Up Walking Shoes Breathable Lightweight Casual Sneakers EVA Sole for Daily Walking Model A503,1,https://sc04.alicdn.com/kf/S872a2b969b664ae3b8ae28a932f422fbx.jpg,PASS_HEURISTIC,,C:\Users\spq\Desktop\贝强\02_Alibaba运营\01_店铺与全店诊断\全量商品审查_2026-09-04\主图视觉二次筛查_2026-09-04\cache\ed1c8c44a3896a870619d29fa85b4f644fe90a8d.jpg,border_var=11.0;occupancy=0.38;edge_chroma=0.00;edge_dark=0.00
1601939626612,,Wholesale Lightweight Knit Lace-Up Walking Shoes Breathable Casual Sneakers EVA Sole Factory Supply Model A502,1,https://sc04.alicdn.com/kf/Sa96b25bc672943f1889c8185237db57eu.jpg,PASS_HEURISTIC,,C:\Users\spq\Desktop\贝强\02_Alibaba运营\01_店铺与全店诊断\全量商品审查_2026-09-04\主图视觉二次筛查_2026-09-04\cache\735db6cc71fd835061bb83ca01651ad31ac468d3.jpg,border_var=5.0;occupancy=0.37;edge_chroma=0.00;edge_dark=0.02
1601939631570,,Custom Logo Summer Hollow Knit Lace-Up Walking Shoes Breathable Casual Sneakers EVA Sole OEM ODM Private Label Model A503,1,https://sc04.alicdn.com/kf/S4be83b9fa2784915bdd406a820ac56c69.jpg,PASS_HEURISTIC,,C:\Users\spq\Desktop\贝强\02_Alibaba运营\01_店铺与全店诊断\全量商品审查_2026-09-04\主图视觉二次筛查_2026-09-04\cache\79d641408db711539a7f04680efc4316a2a5e14a.jpg,border_var=11.7;occupancy=0.40;edge_chroma=0.00;edge_dark=0.00
1601939700200,,Custom Logo Lightweight Knit Lace-Up Walking Shoes Breathable Casual Sneakers EVA Sole OEM ODM Private Label Model A502,1,https://sc04.alicdn.com/kf/S04320ccc849740508b7555defa7d0243P.jpg,PASS_HEURISTIC,,C:\Users\spq\Desktop\贝强\02_Alibaba运营\01_店铺与全店诊断\全量商品审查_2026-09-04\主图视觉二次筛查_2026-09-04\cache\14553c0f170d6d029e4eba142c2c8d4d177c7017.jpg,border_var=11.7;occupancy=0.52;edge_chroma=0.00;edge_dark=0.03
1601939738037,,Lightweight Knit Lace-Up Walking Shoes Breathable Casual Sneakers EVA Sole for Travel Commuting and Daily Wear Model A502,1,https://sc04.alicdn.com/kf/S6320cbc4c82c4db48e7e6024e94fe150J.jpg,PASS_HEURISTIC,,C:\Users\spq\Desktop\贝强\02_Alibaba运营\01_店铺与全店诊断\全量商品审查_2026-09-04\主图视觉二次筛查_2026-09-04\cache\fff0c7d44bdfb6b88e15a2ea5b24906ff58279c1.jpg,border_var=11.0;occupancy=0.37;edge_chroma=0.00;edge_dark=0.00
1601939663432,,Breathable Knit Lace-Up Walking Shoes Lightweight EVA Sole Casual Sneakers for Summer Daily Walking and Casual Wear Model R1218,1,https://sc04.alicdn.com/kf/H009f34e6444e4287b232971111639567E.jpg,PASS_HEURISTIC,,C:\Users\spq\Desktop\贝强\02_Alibaba运营\01_店铺与全店诊断\全量商品审查_2026-09-04\主图视觉二次筛查_2026-09-04\cache\60c270edfca2b641b67e696c1761314bd8ca1e30.jpg,border_var=0.0;occupancy=0.41;edge_chroma=0.00;edge_dark=0.01
1601939585904,,Wholesale Breathable Knit Lace-Up Walking Shoes Lightweight EVA Sole Casual Sneakers Factory Supply Model R1218,1,https://sc04.alicdn.com/kf/S065fbe5f36664b41a40a6ed7ce5badbaI.jpg,REVIEW,主体占画布偏小(0.33)，需人工确认点击辨识度,C:\Users\spq\Desktop\贝强\02_Alibaba运营\01_店铺与全店诊断\全量商品审查_2026-09-04\主图视觉二次筛查_2026-09-04\cache\f3dee233285303770f4a7f278e85acb7c9f86ef7.jpg,border_var=5.0;occupancy=0.33;edge_chroma=0.00;edge_dark=0.00
1601939665367,,Custom Logo Breathable Knit Lace-Up Walking Shoes Lightweight EVA Sole Casual Sneakers OEM ODM Private Label Model R1218,1,https://sc04.alicdn.com/kf/H1b4f1453f0014cd6af50d1b86a03bbb7y.jpg,PASS_HEURISTIC,,C:\Users\spq\Desktop\贝强\02_Alibaba运营\01_店铺与全店诊断\全量商品审查_2026-09-04\主图视觉二次筛查_2026-09-04\cache\c39dece09b69d6992b8260a3230ee4bfb7a67f9c.jpg,border_var=0.0;occupancy=0.42;edge_chroma=0.00;edge_dark=0.00
1601939654418,,Wholesale Lightweight Knit Slip-On Wide Toe Box Walking Shoes EVA Sole Factory Supply Model BQ002,1,https://sc04.alicdn.com/kf/S946b13a88ec64d499ad7471fca196998d.jpg,PASS_HEURISTIC,,C:\Users\spq\Desktop\贝强\02_Alibaba运营\01_店铺与全店诊断\全量商品审查_2026-09-04\主图视觉二次筛查_2026-09-04\cache\e5a9d0038ed77bbad75cbb9ffdc2010b626e686c.jpg,border_var=5.0;occupancy=0.36;edge_chroma=0.00;edge_dark=0.00
1601939614689,,Lightweight Knit Slip-On Wide Toe Box Walking Shoes EVA Sole for Travel Commuting and Daily Walking Model BQ002,1,https://sc04.alicdn.com/kf/Sd6a1a4a8d946438883e234df5c752570j.jpg,PASS_HEURISTIC,,C:\Users\spq\Desktop\贝强\02_Alibaba运营\01_店铺与全店诊断\全量商品审查_2026-09-04\主图视觉二次筛查_2026-09-04\cache\2baa29b06ea5ecb8b31f7aa175ada86f16252c12.jpg,border_var=11.0;occupancy=0.45;edge_chroma=0.00;edge_dark=0.02
1601939635505,,Custom Logo Lightweight Knit Slip-On Wide Toe Box Walking Shoes EVA Sole OEM ODM Private Label Footwear Supplier Model BQ002,1,https://sc04.alicdn.com/kf/S13d76f3ab5ff4172851a85f7b8b8a308W.jpg,PASS_HEURISTIC,,C:\Users\spq\Desktop\贝强\02_Alibaba运营\01_店铺与全店诊断\全量商品审查_2026-09-04\主图视觉二次筛查_2026-09-04\cache\3de20cbc0ef745fe89185d5676b5d16ce5b20e0e.jpg,border_var=11.7;occupancy=0.54;edge_chroma=0.00;edge_dark=0.03
1601939707196,,,1,,NO_MAIN_IMAGE,无主图,,
1601939727104,,Breathable Knit Slip-On Wide Toe Box Walking Shoes Lightweight EVA Sole for Travel Commuting and Daily Walking Model BQ001,1,https://sc04.alicdn.com/kf/S89f57d0183e54b7bb9ba641e5abe4e6fD.jpg,PASS_HEURISTIC,,C:\Users\spq\Desktop\贝强\02_Alibaba运营\01_店铺与全店诊断\全量商品审查_2026-09-04\主图视觉二次筛查_2026-09-04\cache\0b60137c622cb7b2921eb9f10a6d84410f0f66e4.jpg,border_var=11.0;occupancy=0.46;edge_chroma=0.00;edge_dark=0.03
1601939572948,,Custom Logo Breathable Knit Slip-On Wide Toe Box Walking Shoes Lightweight EVA Sole OEM ODM Private Label Model BQ001,1,https://sc04.alicdn.com/kf/Se543cacc99e94062ae641dd26506e58dy.jpg,PASS_HEURISTIC,,C:\Users\spq\Desktop\贝强\02_Alibaba运营\01_店铺与全店诊断\全量商品审查_2026-09-04\主图视觉二次筛查_2026-09-04\cache\7cf7004f8163b195a4a9b63217611ec4e0f68cab.jpg,border_var=0.0;occupancy=0.50;edge_chroma=0.00;edge_dark=0.05
10000044021584,,2026 New Kids Slip-On Walking Shoes 201 Solid Mesh Lining Spring Autumn Breathable Lightweight Chunky Sole Sneakers OEM ODM,1,https://sc04.alicdn.com/kf/H06159c979e004d89af13a2e613331181k.jpg,REVIEW,主体占画布偏小(0.35)，需人工确认点击辨识度,C:\Users\spq\Desktop\贝强\02_Alibaba运营\01_店铺与全店诊断\全量商品审查_2026-09-04\主图视觉二次筛查_2026-09-04\cache\fc7b8f00b8f08e5fbc7c65fce7ca0fbdc604bfe6.jpg,border_var=0.0;occupancy=0.35;edge_chroma=0.00;edge_dark=0.00
10000047216427,,,1,,NO_MAIN_IMAGE,无主图,,
10000043991998,,2026 New Striped Knit Slip-On Walking Shoes Ribbed Upper Breathable Chunky Sole Sneakers Spring Autumn Mesh Lining OEM ODM,1,https://sc04.alicdn.com/kf/H6427585a58b842159b90747cc640b7567.jpg,PASS_HEURISTIC,,C:\Users\spq\Desktop\贝强\02_Alibaba运营\01_店铺与全店诊断\全量商品审查_2026-09-04\主图视觉二次筛查_2026-09-04\cache\f0d0a78cb47565380e66088ce468e6c1225fc36d.jpg,border_var=0.0;occupancy=0.36;edge_chroma=0.00;edge_dark=0.00
1601924732369,,Wholesale Knit Lace-Up Chunky Sole Walking Shoes EVA Cushion Casual Sneakers with Mesh Lining and Fleece Option,1,https://sc04.alicdn.com/kf/Hf3c4ad50bb994e948b1c39fe518a7290l.jpg,REVIEW,主体占画布偏小(0.32)，需人工确认点击辨识度,C:\Users\spq\Desktop\贝强\02_Alibaba运营\01_店铺与全店诊断\全量商品审查_2026-09-04\主图视觉二次筛查_2026-09-04\cache\56073e34b6734c5c2573dabcd809c43a4d07bb17.jpg,border_var=0.0;occupancy=0.32;edge_chroma=0.00;edge_dark=0.00
1601924347721,,Wholesale Knit Lace-Up Casual Shoes with Mesh Lining Rubber Toe Cap EVA Midsole & Outsole Fleece Option-Walking Sneakers,1,https://sc04.alicdn.com/kf/Hea297c1a27954f1196207b58a86beef8s.jpg,REVIEW,"边缘存在强色/深色图形(chroma=0.40,dark=0.03)，疑似非纯净商品主图",C:\Users\spq\Desktop\贝强\02_Alibaba运营\01_店铺与全店诊断\全量商品审查_2026-09-04\主图视觉二次筛查_2026-09-04\cache\bebb0fcfad8e9f5f2609f5fd54240c36bbd65a0d.jpg,border_var=0.0;occupancy=0.83;edge_chroma=0.40;edge_dark=0.03
1601825160204,,Wholesale Stretch Fabric Breathable Mesh Lining Low Top Lace-Up Walking Sneakers R1601 Toe Cap Lightweight Casual OEM ODM,1,https://sc04.alicdn.com/kf/Hf29e6087ab4b4d379c6b3cd06deb12a4B.jpg,REVIEW,主体占画布偏小(0.34)，需人工确认点击辨识度,C:\Users\spq\Desktop\贝强\02_Alibaba运营\01_店铺与全店诊断\全量商品审查_2026-09-04\主图视觉二次筛查_2026-09-04\cache\3c46cc3ec1392a6f53f11f8f8be95e3ff41c370c.jpg,border_var=0.0;occupancy=0.34;edge_chroma=0.00;edge_dark=0.01
1601839073314,,Wholesale Spring Summer Breathable Mesh Solid Color Hollow Knit Elastic Lace Slip-On Walking Shoes A218 Lightweight Casual,1,https://sc04.alicdn.com/kf/S24fc54fc8d7d405b8130ad3b39812ff68.jpg,REVIEW,主体占画布偏小(0.32)，需人工确认点击辨识度,C:\Users\spq\Desktop\贝强\02_Alibaba运营\01_店铺与全店诊断\全量商品审查_2026-09-04\主图视觉二次筛查_2026-09-04\cache\c7244f2899fd97f57449ed2fef581e7953b307ec.jpg,border_var=0.0;occupancy=0.32;edge_chroma=0.00;edge_dark=0.00
1601825021825,,Wholesale Solid Spring Summer Breathable Mesh Athletic Walking Shoes L1009 Stretch Fabric Upper Thick Sole Lightweight Cushion,1,https://sc04.alicdn.com/kf/H5fa1ebad6c094505b2cdeade66418c10j.jpg,PASS_HEURISTIC,,C:\Users\spq\Desktop\贝强\02_Alibaba运营\01_店铺与全店诊断\全量商品审查_2026-09-04\主图视觉二次筛查_2026-09-04\cache\9ea64b35dd05f276072749fd82790a3d754bc17e.jpg,border_var=0.0;occupancy=0.40;edge_chroma=0.00;edge_dark=0.02
10000047196608,,Wholesale Model A828 Breathable Light Weight Plastic Knit Lace-Up Casual Walking Shoes Regular Fit EU 35-45 OEM ODM,1,https://sc04.alicdn.com/kf/S7f7c52078e2e41c3a888a75e9dd658988.jpg,PASS_HEURISTIC,,C:\Users\spq\Desktop\贝强\02_Alibaba运营\01_店铺与全店诊断\全量商品审查_2026-09-04\主图视觉二次筛查_2026-09-04\cache\782fb8358e47803e4f92e7ad9dd919380cf37ad1.jpg,border_var=0.0;occupancy=0.36;edge_chroma=0.00;edge_dark=0.00
10000047127570,,Wholesale Model BQ041/202 Kids Knit Slip-On Walking Shoes Casual Sneakers EU 31-40 OEM ODM Made in China,1,https://sc04.alicdn.com/kf/S9b40496f0e7a4496981767d8911d0100O.png,PASS_HEURISTIC,,C:\Users\spq\Desktop\贝强\02_Alibaba运营\01_店铺与全店诊断\全量商品审查_2026-09-04\主图视觉二次筛查_2026-09-04\cache\2b18c32bc3f302e97dcf2b7ae83fbc0032c79b67.jpg,border_var=0.4;occupancy=0.43;edge_chroma=0.00;edge_dark=0.04
1601839050756,,Wholesale Kids Knit Textile Lace-Up Walking Shoes A811 EU 31-40 OEM ODM Light Weight Anti-Slip Comfort Mesh Solid Spring Autumn,1,https://sc04.alicdn.com/kf/H0d561d1c2bca4f9eb2ce69e9ea8a347eb.jpg,REVIEW,主体占画布偏小(0.30)，需人工确认点击辨识度,C:\Users\spq\Desktop\贝强\02_Alibaba运营\01_店铺与全店诊断\全量商品审查_2026-09-04\主图视觉二次筛查_2026-09-04\cache\f968c44f203b2a723eedd3a6379aec00e913fa3f.jpg,border_var=0.0;occupancy=0.30;edge_chroma=0.00;edge_dark=0.00
10000047175212,,Wholesale Model 8008 Knit Lace-Up Round Toe Chunky Sole EVA Midsole Walking Shoes Regular Fit EU 35-45 OEM ODM,1,https://sc04.alicdn.com/kf/S1e32ef9d6c2d4a1c8eebe11dddd5987fl.png,PASS_HEURISTIC,,C:\Users\spq\Desktop\贝强\02_Alibaba运营\01_店铺与全店诊断\全量商品审查_2026-09-04\主图视觉二次筛查_2026-09-04\cache\f3589928f333dde2208d1afbbbb04b1047d400a3.jpg,border_var=0.4;occupancy=0.53;edge_chroma=0.00;edge_dark=0.01
10000044034049,,2026 New Quilted Knit Lace-Up Walking Shoes A008 Solid Mesh Lining Breathable Chunky Sole Spring OEM ODM,1,https://sc04.alicdn.com/kf/Sd8b91d9d23da4c1f9bbf1de834915838l.jpg,REVIEW,主体占画布偏小(0.30)，需人工确认点击辨识度,C:\Users\spq\Desktop\贝强\02_Alibaba运营\01_店铺与全店诊断\全量商品审查_2026-09-04\主图视觉二次筛查_2026-09-04\cache\80ab31d7a24abaec8f9ae987ab723fb28aa3e378.jpg,border_var=0.0;occupancy=0.30;edge_chroma=0.00;edge_dark=0.00
1601924792152,,Wholesale Knit Slip-On Walking Shoes Mesh Lining MD Foam Segmented Sole Lightweight Casual Sneakers for Men,1,https://sc04.alicdn.com/kf/H19cb6d0461b04bde8f7f60ef6327c775b.jpg,PASS_HEURISTIC,,C:\Users\spq\Desktop\贝强\02_Alibaba运营\01_店铺与全店诊断\全量商品审查_2026-09-04\主图视觉二次筛查_2026-09-04\cache\63835ee81288e9c97dd895da3352430261de16ac.jpg,border_var=0.4;occupancy=0.49;edge_chroma=0.00;edge_dark=0.07
1601838963947,,2026 New All Black Slip-On Knit Walking Shoes BQ-021 Honeycomb Mesh Breathable Wave Sole Lightweight Sneakers OEM Spring/Autumn,1,https://sc04.alicdn.com/kf/H411571dab29041a5bb0cf765e10949e18.jpg,REVIEW,主体占画布偏小(0.24)，需人工确认点击辨识度,C:\Users\spq\Desktop\贝强\02_Alibaba运营\01_店铺与全店诊断\全量商品审查_2026-09-04\主图视觉二次筛查_2026-09-04\cache\16b70b1fa05708046ee00dd8e1961937702b494f.jpg,border_var=0.0;occupancy=0.24;edge_chroma=0.00;edge_dark=0.00
11000037600317,,Wholesale Knit Slip-On Walking Shoes Breathable Mesh Lining Solid Lightweight EVA Sole Casual Shoes for Spring Autumn Men Women,1,https://sc04.alicdn.com/kf/H6b71fde42e1f41f29e1d26bc9fd98b67S.png,PASS_HEURISTIC,,C:\Users\spq\Desktop\贝强\02_Alibaba运营\01_店铺与全店诊断\全量商品审查_2026-09-04\主图视觉二次筛查_2026-09-04\cache\59e58c54456d543af8791c69eb424b0344b1ff7e.jpg,border_var=0.4;occupancy=0.42;edge_chroma=0.00;edge_dark=0.00
10000043725883,,Wholesale Men Knit Slip-On Walking Shoes Lightweight Breathable Anti-Slip Spring/Autumn Mesh Lining Casual Sneakers OEM ODM,1,https://sc04.alicdn.com/kf/Sfb0129075f6646019a79b071d857e6b1l.jpg,PASS_HEURISTIC,,C:\Users\spq\Desktop\贝强\02_Alibaba运营\01_店铺与全店诊断\全量商品审查_2026-09-04\主图视觉二次筛查_2026-09-04\cache\ed8c0d328319201636e544ade11fdab190089048.jpg,border_var=0.0;occupancy=0.36;edge_chroma=0.00;edge_dark=0.01
10000046705043,,Wholesale Men's Knit Backless Slip-On Mule Shoes Breathable Anti-Slip Mesh Lining Lightweight Casual Walking Clogs Spring Autumn,1,https://sc04.alicdn.com/kf/Sf105e67cde4c4a1990dd639442eb5d55w.jpg,REVIEW,"边缘存在强色/深色图形(chroma=0.02,dark=0.23)，疑似非纯净商品主图",C:\Users\spq\Desktop\贝强\02_Alibaba运营\01_店铺与全店诊断\全量商品审查_2026-09-04\主图视觉二次筛查_2026-09-04\cache\1e1a42007e9d002ec47d03e621b36daaa0a999c3.jpg,border_var=0.0;occupancy=0.66;edge_chroma=0.02;edge_dark=0.23
10000047198577,,Wholesale Model A212 Light Weight Breathable Knit Slip-On Walking Shoes with Plastic Outsole and Fleece Option EU 35-45,1,https://sc04.alicdn.com/kf/S1905787b5c5b40a994ccb0f3036825eb6.jpg,PASS_HEURISTIC,,C:\Users\spq\Desktop\贝强\02_Alibaba运营\01_店铺与全店诊断\全量商品审查_2026-09-04\主图视觉二次筛查_2026-09-04\cache\1bd6ecc54495d515a9a51a7877203f4741ebdf01.jpg,border_var=0.0;occupancy=0.79;edge_chroma=0.02;edge_dark=0.00
1601839105416,,Wholesale Light Weight Breathable Knit Textile Slip-On Biscuit Sole Casual Shoes Spring Autumn 7212 EU 35-45 OEM ODM,1,https://sc04.alicdn.com/kf/Sd6a3d1c80bd440bbb5a814d29fe4a750r.jpg,REVIEW,"边框背景变化大(136.5)，疑似拼图/条纹/复杂背景；边缘存在强色/深色图形(chroma=0.00,dark=0.48)，疑似非纯净商品主图",C:\Users\spq\Desktop\贝强\02_Alibaba运营\01_店铺与全店诊断\全量商品审查_2026-09-04\主图视觉二次筛查_2026-09-04\cache\65562c0156bc84a1e81f29929c9e67b085e68f88.jpg,border_var=136.5;occupancy=1.00;edge_chroma=0.00;edge_dark=0.48
1601924292931,,Wholesale High Top Knit Sock Sneakers Slip-On EVA Sole Mesh Lining Casual Walking Shoes for Men and Women,1,https://sc04.alicdn.com/kf/Hea345f09c7b2434583c9f1ba36a8fe52j.jpg,PASS_HEURISTIC,,C:\Users\spq\Desktop\贝强\02_Alibaba运营\01_店铺与全店诊断\全量商品审查_2026-09-04\主图视觉二次筛查_2026-09-04\cache\da4480f0606cb6ac95b196b43b9ffaa13740c1a3.jpg,border_var=0.0;occupancy=0.65;edge_chroma=0.00;edge_dark=0.08
1601924345456,,Wholesale Breathable Knit Lace-Up Casual Walking Shoes Lightweight Spring Autumn Summer Sneakers for Men and Women,1,https://sc04.alicdn.com/kf/S445fb842ea014adfb95c010cab4c3114s.png,PASS_HEURISTIC,,C:\Users\spq\Desktop\贝强\02_Alibaba运营\01_店铺与全店诊断\全量商品审查_2026-09-04\主图视觉二次筛查_2026-09-04\cache\4decf79f4717295c4d57620cb774df8ab6d8d9cb.jpg,border_var=0.4;occupancy=0.46;edge_chroma=0.00;edge_dark=0.04
10000047221334,,Wholesale Model 811 Breathable Light Weight Knit Lace-Up Casual Walking Shoes Rubber-Plastic Sole EU 35-45,1,https://sc04.alicdn.com/kf/H0ff14ba2593c42e98c1611b0543ece54j.jpg,PASS_HEURISTIC,,C:\Users\spq\Desktop\贝强\02_Alibaba运营\01_店铺与全店诊断\全量商品审查_2026-09-04\主图视觉二次筛查_2026-09-04\cache\24e7b3e8fe11900cd94fc55f6fc0d5a657b89bf4.jpg,border_var=0.0;occupancy=0.58;edge_chroma=0.00;edge_dark=0.00
10000044041008,,2026 New Solid Spring Autumn Breathable Knit Lace-Up Walking Shoes Honeycomb Mesh Chunky Cloud Sole Sneakers OEM ODM,1,https://sc04.alicdn.com/kf/Sd80709b3f6244fea9417ae1480c33a4dA.jpg,REVIEW,主体占画布偏小(0.34)，需人工确认点击辨识度,C:\Users\spq\Desktop\贝强\02_Alibaba运营\01_店铺与全店诊断\全量商品审查_2026-09-04\主图视觉二次筛查_2026-09-04\cache\7def1f819852e194a21e58d6e9fdbc0ce0d64206.jpg,border_var=0.0;occupancy=0.34;edge_chroma=0.00;edge_dark=0.00
1601924755368,,Wholesale High Top Round Toe Knit Sock Sneakers Slip-On Foamed Midsole Segmented Sole Casual Shoes for Men and Women,1,https://sc04.alicdn.com/kf/S87925d28014d4e1d928bfa8e7b0bbd7fJ.png,PASS_HEURISTIC,,C:\Users\spq\Desktop\贝强\02_Alibaba运营\01_店铺与全店诊断\全量商品审查_2026-09-04\主图视觉二次筛查_2026-09-04\cache\ef517c243494a8d01714325ce648cee51597c6c5.jpg,border_var=0.4;occupancy=0.56;edge_chroma=0.00;edge_dark=0.01
10000044011929,,Wholesale Solid Light Weight Anti-Slip Comfort Lace-Up Walking Shoes T5828 Spring Autumn Casual Shoes OEM ODM,1,https://sc04.alicdn.com/kf/S26fbe73b25f64bcca29fd408b33f9069k.jpg,REVIEW,主体占画布偏小(0.30)，需人工确认点击辨识度,C:\Users\spq\Desktop\贝强\02_Alibaba运营\01_店铺与全店诊断\全量商品审查_2026-09-04\主图视觉二次筛查_2026-09-04\cache\bf1e004d276b48e2b5cafab6413d940d6f00fde5.jpg,border_var=0.0;occupancy=0.30;edge_chroma=0.00;edge_dark=0.01
1601839062659,,Wholesale High Top Knit Textile Slip-On Walking Shoes Breathable Anti-Slip Comfort Spring Autumn A025 EU 35-45 OEM ODM,1,https://sc04.alicdn.com/kf/Ha19e109c3cdf4ea591c4f459142fdca4C.jpg,PASS_HEURISTIC,,C:\Users\spq\Desktop\贝强\02_Alibaba运营\01_店铺与全店诊断\全量商品审查_2026-09-04\主图视觉二次筛查_2026-09-04\cache\7fe298f084078684cf84e47a0e292585470cf3a0.jpg,border_var=0.0;occupancy=0.38;edge_chroma=0.00;edge_dark=0.00
10000046439033,,Wholesale Breathable Comfort Spring/Autumn Mesh Wide Toe Box Knit Lace-Up Walking Shoes ZX2116 Large Size EU 38-47 OEM ODM,1,https://sc04.alicdn.com/kf/A33b40eec8df7420e9dab1c6d237a94792.jpg,PASS_HEURISTIC,,C:\Users\spq\Desktop\贝强\02_Alibaba运营\01_店铺与全店诊断\全量商品审查_2026-09-04\主图视觉二次筛查_2026-09-04\cache\580134160271201eac99fd2ea33510e7165ee637.jpg,border_var=0.0;occupancy=0.52;edge_chroma=0.00;edge_dark=0.01
10000046653813,,Wholesale Light Weight Breathable Regular Fit Knit Lace-Up Casual Walking Shoes ZX2212 Spring Autumn Large Size EU 38-47 OEM ODM,1,https://sc04.alicdn.com/kf/Hd999777ae1b2444197cfe04743a84a3e2.png,PASS_HEURISTIC,,C:\Users\spq\Desktop\贝强\02_Alibaba运营\01_店铺与全店诊断\全量商品审查_2026-09-04\主图视觉二次筛查_2026-09-04\cache\9ef95a1ab8d3d112f9afd5e70ee42a2ad35c24b4.jpg,border_var=0.4;occupancy=0.47;edge_chroma=0.00;edge_dark=0.02
1601814931739,,Wholesale Summer Autumn Breathable Anti-Slip Knit Lace-Up Walking Shoes M8811 Thick EVA Sole Lightweight Casual Sneakers OEM ODM,1,https://sc04.alicdn.com/kf/H2dde7189fee14178ac931474c7ce48a7x.jpg,PASS_HEURISTIC,,C:\Users\spq\Desktop\贝强\02_Alibaba运营\01_店铺与全店诊断\全量商品审查_2026-09-04\主图视觉二次筛查_2026-09-04\cache\beb3ba840ef7397119ac87751509c30b2125bacb.jpg,border_var=0.0;occupancy=0.36;edge_chroma=0.00;edge_dark=0.00
10000043763325,,2026 New Soft Knit Slip-On Walking Shoes Lightweight Breathable Mesh Spring/Autumn Anti-Slip Solid Color Casual Sneakers OEM ODM,1,https://sc04.alicdn.com/kf/S4e6d8fbe85c549ea85e0eba28de4c832P.png,PASS_HEURISTIC,,C:\Users\spq\Desktop\贝强\02_Alibaba运营\01_店铺与全店诊断\全量商品审查_2026-09-04\主图视觉二次筛查_2026-09-04\cache\8aba3bfa8c03351b88768a8570ed8d9968b3c560.jpg,border_var=0.0;occupancy=0.49;edge_chroma=0.00;edge_dark=0.10
10000047220568,,Wholesale Model A230 Knit Lace-Up Breathable Walking Shoes Lightweight Plastic Outsole Casual Sneakers for Men and Women,1,https://sc04.alicdn.com/kf/S495a4e1009de40fda71bea7461784713L.jpg,REVIEW,"边缘存在强色/深色图形(chroma=0.51,dark=0.00)，疑似非纯净商品主图",C:\Users\spq\Desktop\贝强\02_Alibaba运营\01_店铺与全店诊断\全量商品审查_2026-09-04\主图视觉二次筛查_2026-09-04\cache\d556700ea6017201dae3a0073ce0183b67962b01.jpg,border_var=0.0;occupancy=0.76;edge_chroma=0.51;edge_dark=0.00
10000043732626,,2026 New Slip-On Knit Walking Shoes A507 Stretch Fabric Breathable Mesh Solid Spring Chunky EVA Sole Casual Sneakers OEM ODM,1,https://sc04.alicdn.com/kf/Hf86a6c5509754eb5b3a3cf88e40690b3o.jpg,PASS_HEURISTIC,,C:\Users\spq\Desktop\贝强\02_Alibaba运营\01_店铺与全店诊断\全量商品审查_2026-09-04\主图视觉二次筛查_2026-09-04\cache\9fb63cbce5df7d2f71d5d8247fec70e67037d240.jpg,border_var=0.0;occupancy=0.44;edge_chroma=0.00;edge_dark=0.00
10000044007878,,2026 New Breathable Mesh Knit Walking Shoes Elastic Lace Chunky Cloud Sole Lavender Sneakers OEM ODM Spring Autumn,1,https://sc04.alicdn.com/kf/H3641b7a6147642b4bdace76424a74317t.jpg,PASS_HEURISTIC,,C:\Users\spq\Desktop\贝强\02_Alibaba运营\01_店铺与全店诊断\全量商品审查_2026-09-04\主图视觉二次筛查_2026-09-04\cache\037de2741a0db404b0c4fb74963daed0c19a8e3a.jpg,border_var=0.0;occupancy=0.44;edge_chroma=0.00;edge_dark=0.00
1601815020244,,Wholesale Spring Autumn Hollow Knit Lace-Up Walking Mesh Lining Breathable Lightweight Casual Sneakers A503 OEM ODM,1,https://sc04.alicdn.com/kf/He5e0ada80f534c2ba5be895ea3c33414A.jpg,PASS_HEURISTIC,,C:\Users\spq\Desktop\贝强\02_Alibaba运营\01_店铺与全店诊断\全量商品审查_2026-09-04\主图视觉二次筛查_2026-09-04\cache\6cc173582778e9a30242f04d62f18f961ac6e992.jpg,border_var=12.9;occupancy=0.36;edge_chroma=0.00;edge_dark=0.00
10000047187673,,Wholesale Model A155 High Top Knit Slip-On Sock Sneakers Breathable Light Weight Plastic Outsole for Men and Women EU 35-45,1,https://sc04.alicdn.com/kf/S0563778f83aa4e219e04f2b885d808f99.jpg,PASS_HEURISTIC,,C:\Users\spq\Desktop\贝强\02_Alibaba运营\01_店铺与全店诊断\全量商品审查_2026-09-04\主图视觉二次筛查_2026-09-04\cache\c4f4ccb36d9f0aa216e78fe6c12ed5fa3c426515.jpg,border_var=0.0;occupancy=0.72;edge_chroma=0.00;edge_dark=0.04
10000047201716,,Wholesale Model 9212 Breathable Light Weight Knit Lace-Up Bubble Sole Casual Walking Shoes Regular Fit EU 38-47 OEM ODM,1,https://sc04.alicdn.com/kf/H53ca301750d34894aaafd03efca00326K.png,PASS_HEURISTIC,,C:\Users\spq\Desktop\贝强\02_Alibaba运营\01_店铺与全店诊断\全量商品审查_2026-09-04\主图视觉二次筛查_2026-09-04\cache\361af6a2b9049b4e54f63b84d1f3f335fcba58d8.jpg,border_var=0.4;occupancy=0.44;edge_chroma=0.01;edge_dark=0.03
10000044041031,,Wholesale Light Weight Anti-Slip Knit Textile Slip-On Walking Shoes A830 Mesh Lining Spring/Autumn Casual Shoes EU 37-45 OEM ODM,1,https://sc04.alicdn.com/kf/S6b34d10e5b974ee2a757bd22e71ed789X.jpg,PASS_HEURISTIC,,C:\Users\spq\Desktop\贝强\02_Alibaba运营\01_店铺与全店诊断\全量商品审查_2026-09-04\主图视觉二次筛查_2026-09-04\cache\c5fc945b280a69b259bbb5274f98f6ae608f8641.jpg,border_var=0.0;occupancy=0.35;edge_chroma=0.00;edge_dark=0.00
10000043744505,,Wholesale Breathable Knit Chunky Walking Shoes M8506 Lightweight Cushion Midsole Mesh Solid Spring Autumn Casual Sneakers OEM,1,https://sc04.alicdn.com/kf/S9c49f633d786469c9930387649022e34z.png,PASS_HEURISTIC,,C:\Users\spq\Desktop\贝强\02_Alibaba运营\01_店铺与全店诊断\全量商品审查_2026-09-04\主图视觉二次筛查_2026-09-04\cache\278f1e0cb94e7b1769ecf9677fc23b8a08abc7ee.jpg,border_var=0.0;occupancy=0.57;edge_chroma=0.02;edge_dark=0.00
10000047392343,,Wholesale Model A1888 High Top Knit Sock Sneakers Slip-On Cushion Sole Casual Walking Shoes EU 35-45,1,https://sc04.alicdn.com/kf/Sd20be6997a5e483f818ce3fdab5c24ef1.jpg,REVIEW,"边缘存在强色/深色图形(chroma=0.00,dark=0.52)，疑似非纯净商品主图",C:\Users\spq\Desktop\贝强\02_Alibaba运营\01_店铺与全店诊断\全量商品审查_2026-09-04\主图视觉二次筛查_2026-09-04\cache\c99ef6d2acf5b49abed387693a918b762db19305.jpg,border_var=0.0;occupancy=0.91;edge_chroma=0.00;edge_dark=0.52
10000047208726,,Wholesale Model A189 Men's High Top Knit Slip-On Shoes Breathable Light Weight Plastic EVA Blend Sole Casual Sock Sneakers,1,https://sc04.alicdn.com/kf/S6148477e712d4959a895b241d5fee8eck.jpg,PASS_HEURISTIC,,C:\Users\spq\Desktop\贝强\02_Alibaba运营\01_店铺与全店诊断\全量商品审查_2026-09-04\主图视觉二次筛查_2026-09-04\cache\c6b822c8befbde906551713bce224c245caa0149.jpg,border_var=0.0;occupancy=0.55;edge_chroma=0.00;edge_dark=0.01
10000047396313,,Wholesale Model A350 Knit Lace-Up Casual Walking Shoes Lightweight Rubber-Plastic Sole Sneakers EU 35-45,1,https://sc04.alicdn.com/kf/Sed15c41bf71d44179086d619e68d452dS.jpg,PASS_HEURISTIC,,C:\Users\spq\Desktop\贝强\02_Alibaba运营\01_店铺与全店诊断\全量商品审查_2026-09-04\主图视觉二次筛查_2026-09-04\cache\b9103f0aa668fcba9953cf16a5c9b69064588ccb.jpg,border_var=0.0;occupancy=0.63;edge_chroma=0.00;edge_dark=0.03
10000047356491,,Wholesale Model AA811 Breathable Knit Lace-Up Walking Shoes Lightweight Cushion Sole Casual Sneakers EU 35-45,1,https://sc04.alicdn.com/kf/S395510a616274a8ab73fca63079ba2c1p.jpg,REVIEW,主体占画布偏小(0.35)，需人工确认点击辨识度,C:\Users\spq\Desktop\贝强\02_Alibaba运营\01_店铺与全店诊断\全量商品审查_2026-09-04\主图视觉二次筛查_2026-09-04\cache\27c778d2608008f359a7fd352a3c05b80157ea39.jpg,border_var=0.0;occupancy=0.35;edge_chroma=0.00;edge_dark=0.00
10000047307924,,Wholesale Model 1888 High Top Knit Sock Sneakers PU Segmented Sole Casual Shoes with Fleece Option,1,https://sc04.alicdn.com/kf/S3f07ad641cee4739a8aa8c5b564eec663.jpg,PASS_HEURISTIC,,C:\Users\spq\Desktop\贝强\02_Alibaba运营\01_店铺与全店诊断\全量商品审查_2026-09-04\主图视觉二次筛查_2026-09-04\cache\33c42390363ee33251008aacb9b12064bec99a12.jpg,border_var=0.0;occupancy=0.63;edge_chroma=0.00;edge_dark=0.06
10000043200726,,Wholesale Breathable Knit Lace-Up Walking Shoes R1218 Lightweight EVA Sole Casual Sneakers OEM ODM,1,https://sc04.alicdn.com/kf/Aa80281e266b845c889d04fbb83aa88efb.jpg,PASS_HEURISTIC,,C:\Users\spq\Desktop\贝强\02_Alibaba运营\01_店铺与全店诊断\全量商品审查_2026-09-04\主图视觉二次筛查_2026-09-04\cache\aad4b5eb309c685f6dc96f7141afe3c20789f79d.jpg,border_var=0.0;occupancy=0.41;edge_chroma=0.00;edge_dark=0.00
10000047166193,,Wholesale Model 206 Knit Lace-Up Walking Shoes Regular Fit Casual Sneakers EU 35-45 OEM ODM,1,https://sc04.alicdn.com/kf/S1d4045fb93b246a79c460fc5a674430dK.png,PASS_HEURISTIC,,C:\Users\spq\Desktop\贝强\02_Alibaba运营\01_店铺与全店诊断\全量商品审查_2026-09-04\主图视觉二次筛查_2026-09-04\cache\118551895b5db9cd6496c5dac73b018727b0f203.jpg,border_var=0.6;occupancy=0.39;edge_chroma=0.00;edge_dark=0.01
10000044024484,,Wholesale Low Cut Knit Textile Slip-On Walking Shoes A1689 Casual Shoes EU 35-45 OEM ODM,1,https://sc04.alicdn.com/kf/Se20409364a6a4df3b7b123c6af87ff9eg.jpg,REVIEW,主体占画布偏小(0.32)，需人工确认点击辨识度,C:\Users\spq\Desktop\贝强\02_Alibaba运营\01_店铺与全店诊断\全量商品审查_2026-09-04\主图视觉二次筛查_2026-09-04\cache\6c0addc30ed7f20793e42a6446957148e55fe9fa.jpg,border_var=0.0;occupancy=0.32;edge_chroma=0.00;edge_dark=0.00
10000044004948,,Wholesale Soft Knit Slip-On Walking Shoes A505 Breathable Thick Sole Casual Sneakers OEM ODM,1,https://sc04.alicdn.com/kf/S707efefed62c4315b55cbd8a36d39055i.jpg,REVIEW,主体占画布偏小(0.32)，需人工确认点击辨识度,C:\Users\spq\Desktop\贝强\02_Alibaba运营\01_店铺与全店诊断\全量商品审查_2026-09-04\主图视觉二次筛查_2026-09-04\cache\1e451c56f0d0a769e8f180bb3d868e2959bd312b.jpg,border_var=0.0;occupancy=0.32;edge_chroma=0.00;edge_dark=0.00
10000044028277,,Wholesale Knit Textile Lace Detail Casual Walking Shoes K6116 OEM ODM,1,https://sc04.alicdn.com/kf/S9309702a04c44a719f1e019d94da48ccL.jpg,REVIEW,主体占画布偏小(0.27)，需人工确认点击辨识度,C:\Users\spq\Desktop\贝强\02_Alibaba运营\01_店铺与全店诊断\全量商品审查_2026-09-04\主图视觉二次筛查_2026-09-04\cache\05d1e015f5855440144b23a5a28a60ddda302b62.jpg,border_var=0.0;occupancy=0.27;edge_chroma=0.00;edge_dark=0.00
1601825070472,,Wholesale Slip-On Knit Walking Shoes L0017 Breathable Cushioned Lightweight Casual Sneakers OEM ODM,1,https://sc04.alicdn.com/kf/H0b2ffd21a1d94b388f8bde5228995cfb1.jpg,PASS_HEURISTIC,,C:\Users\spq\Desktop\贝强\02_Alibaba运营\01_店铺与全店诊断\全量商品审查_2026-09-04\主图视觉二次筛查_2026-09-04\cache\aaefe34ecc5679a3207d4b9c84a6c7e97c77da92.jpg,border_var=0.0;occupancy=0.40;edge_chroma=0.00;edge_dark=0.00
1601825074604,,Wholesale Breathable Mesh Athletic Walking Shoes L1026 Thick Sole Lightweight Casual Sneakers OEM ODM,1,https://sc04.alicdn.com/kf/H3e79e16a095449478c9498467a4aa75cn.jpg,PASS_HEURISTIC,,C:\Users\spq\Desktop\贝强\02_Alibaba运营\01_店铺与全店诊断\全量商品审查_2026-09-04\主图视觉二次筛查_2026-09-04\cache\7ff5ec7afca814a3ffa5cde6adacab434152c15f.jpg,border_var=0.0;occupancy=0.48;edge_chroma=0.00;edge_dark=0.05
10000043201799,,Wholesale Slip-On Knit Walking Shoes A502 Lightweight Flexible Breathable Casual Loafers OEM ODM,1,https://sc04.alicdn.com/kf/A4c1f1e31a8bd47b9b40b75b536046c73e.jpg,REVIEW,"边框背景变化大(42.8)，疑似拼图/条纹/复杂背景；边缘存在强色/深色图形(chroma=0.00,dark=0.20)，疑似非纯净商品主图",C:\Users\spq\Desktop\贝强\02_Alibaba运营\01_店铺与全店诊断\全量商品审查_2026-09-04\主图视觉二次筛查_2026-09-04\cache\d75453cc5ef171d63c0e9abf98ad263bfa368906.jpg,border_var=42.8;occupancy=1.00;edge_chroma=0.00;edge_dark=0.20
10000042896165,,Wholesale Extra Wide Toe Box Walking Shoes Stretch Knit Breathable Lightweight Comfort Sneakers OEM ODM,1,https://sc04.alicdn.com/kf/S633c8969bb324d0ab1c2c3e6512cd851u.jpg,PASS_HEURISTIC,,C:\Users\spq\Desktop\贝强\02_Alibaba运营\01_店铺与全店诊断\全量商品审查_2026-09-04\主图视觉二次筛查_2026-09-04\cache\8aaa115ab8db0543308bc97754b9185daa73c135.jpg,border_var=0.0;occupancy=0.70;edge_chroma=0.00;edge_dark=0.01
10000042821848,,Wholesale Men Wide Toe Box Slip-On Walking Shoes Breathable Stretch Knit Lightweight Casual Sneakers OEM ODM,1,https://sc04.alicdn.com/kf/Se40cef18ac3a4c6c9c4c27ca4da380f7c.jpg,PASS_HEURISTIC,,C:\Users\spq\Desktop\贝强\02_Alibaba运营\01_店铺与全店诊断\全量商品审查_2026-09-04\主图视觉二次筛查_2026-09-04\cache\6be04f823bbe1758f1ebf6743e55707f499b93d3.jpg,border_var=0.0;occupancy=0.71;edge_chroma=0.00;edge_dark=0.01
