"sku","file_name","full_path","duration_seconds","width","height","orientation","video_codec","frame_rate","has_audio","audio_codec","bytes","sha256"
"BQ003","3.23贝强-1-1.mp4","C:\Users\spq\Desktop\贝强\01_产品资产\01_原始数据包\已整理_BQ003_R1218_贝强鞋业2026夏季R1218镂空包头板鞋35-45批55元\贝强鞋业2026夏季R1218镂空包头板鞋35-45批55元\3.23贝强-1-1.mp4","26.912","1080","1080","square","h264","30/1","True","aac","33761843","25D1444FB96D47CDFEC4908016E91C1E805748B5A1486DEC35A17E8D8017D43D"
"BQ003","3.23贝强-3-4.mp4","C:\Users\spq\Desktop\贝强\01_产品资产\01_原始数据包\已整理_BQ003_R1218_贝强鞋业2026夏季R1218镂空包头板鞋35-45批55元\贝强鞋业2026夏季R1218镂空包头板鞋35-45批55元\3.23贝强-3-4.mp4","26.912","1080","1440","portrait","h264","30/1","True","aac","33623589","C31F2ACCBBDA3443FD844D5C3F762E15B4275EFB5075801B8799AFCB0FDF45C4"
"BQ003","3.23贝强.mp4","C:\Users\spq\Desktop\贝强\01_产品资产\01_原始数据包\已整理_BQ003_R1218_贝强鞋业2026夏季R1218镂空包头板鞋35-45批55元\贝强鞋业2026夏季R1218镂空包头板鞋35-45批55元\3.23贝强.mp4","26.912","1080","1920","portrait","h264","30/1","True","aac","32918723","25374D3082160D42D4FE65A80F7B550BD05B7001025A7945CA3DC33F5CBA7477"
"BQ003","6M.mp4","C:\Users\spq\Desktop\贝强\01_产品资产\01_原始数据包\已整理_BQ003_R1218_贝强鞋业2026夏季R1218镂空包头板鞋35-45批55元\贝强鞋业2026夏季R1218镂空包头板鞋35-45批55元\6M.mp4","26.912","1080","1920","portrait","h264","60/1","True","aac","4655420","2349586B97DD7CC11CFE7485CC3CAB495B8A4BDD6A6A6B2C204B6DB0659814E9"
"BQ004","3.12贝强2-1-1.mp4","C:\Users\spq\Desktop\贝强\01_产品资产\01_原始数据包\已整理_BQ004_A502_贝强鞋业A502新款35-45批55元\贝强鞋业A502新款35-45批55元\3.12贝强2-1-1.mp4","28.351","1080","1080","square","h264","30/1","True","aac","32973323","1F280BEC16950600A7BD66AE48A08E6129BFE8FE7C9E37BC03801C59D6003ED2"
"BQ004","706a5d510e778d5bc851ad9299018717.mp4","C:\Users\spq\Desktop\贝强\01_产品资产\01_原始数据包\已整理_BQ004_A502_贝强鞋业A502新款35-45批55元\贝强鞋业A502新款35-45批55元\706a5d510e778d5bc851ad9299018717.mp4","28.4","1280","720","landscape","h264","30/1","True","aac","6157844","25CF20A4E9CB63D3D220BF664A700C10CC78FCA30FB8F07079450A677AE4E67F"
"BQ005","5月12日 (3).mp4","C:\Users\spq\Desktop\贝强\01_产品资产\01_原始数据包\已整理_BQ005_A503_贝强鞋业A503夏季镂空男女鞋35-45批55元\贝强鞋业A503夏季镂空男女鞋35-45批55元\5月12日 (3).mp4","31.672","1440","2560","portrait","h264","30/1","True","aac","55684700","8350E1723BF68BE5F3BED21D328C75255BFE70806E6D1BCCA8FBA0B509E96034"
"BQ005","5月12日 (3)(1).mp4","C:\Users\spq\Desktop\贝强\01_产品资产\01_原始数据包\已整理_BQ005_A503_贝强鞋业A503夏季镂空男女鞋35-45批55元\贝强鞋业A503夏季镂空男女鞋35-45批55元\5月12日 (3)(1).mp4","31.672","1440","1920","portrait","h264","30/1","True","aac","56386353","2CC1C91CDF332A4737FB7C5D4A1AD2F18029A21CB9D464FD75D26150F32B2B9D"
"BQ005","5月17日.mp4","C:\Users\spq\Desktop\贝强\01_产品资产\01_原始数据包\已整理_BQ005_A503_贝强鞋业A503夏季镂空男女鞋35-45批55元\贝强鞋业A503夏季镂空男女鞋35-45批55元\5月17日.mp4","31.672","480","640","portrait","h264","30/1","True","aac","4325795","A9A209704156ECAD06F94BC77FA68776B5519B53C955969B218EC82D4941C889"
"BQ005","5月17日(1).mp4","C:\Users\spq\Desktop\贝强\01_产品资产\01_原始数据包\已整理_BQ005_A503_贝强鞋业A503夏季镂空男女鞋35-45批55元\贝强鞋业A503夏季镂空男女鞋35-45批55元\5月17日(1).mp4","31.672","480","480","square","h264","30/1","True","aac","3816033","026DDB649E824C20BC94F176DC072C7974EF2F3404FEA7E741D51D802490BD90"
"BQ005","5月17日(2).mp4","C:\Users\spq\Desktop\贝强\01_产品资产\01_原始数据包\已整理_BQ005_A503_贝强鞋业A503夏季镂空男女鞋35-45批55元\贝强鞋业A503夏季镂空男女鞋35-45批55元\5月17日(2).mp4","31.672","480","854","portrait","h264","30/1","True","aac","4959101","8050112B2538B44DAA3399AABE34BD27F9F11AC479838F49A175CF6487183734"
"BQ006","7月30日 (37).mp4","C:\Users\spq\Desktop\贝强\01_产品资产\01_原始数据包\已整理_BQ006_M8811_贝强鞋业秋冬季新款M8811男女鞋35-45批58元\贝强鞋业秋冬季新款M8811男女鞋35-45批58元\7月30日 (37).mp4","37.152","1080","1080","square","h264","30/1","True","aac","62736103","F4D9E8D6B18E9DB0E58E11436922B962295793A42A5840DF2F3DBE12F67CCAFC"
"BQ007","12.4贝强1-1-1.mp4","C:\Users\spq\Desktop\贝强\01_产品资产\01_原始数据包\已整理_BQ007_L0017_贝强鞋业35-45批65全网限价98\L0017贝强鞋业35-45批65全网限价98\12.4贝强1-1-1.mp4","27.98","1080","1080","square","h264","30/1","True","aac","34176316","DDDEAA9007F4FB783C84FF754077EB496A7C8C67704913A9CFB6C44571821692"
"BQ007","12.4贝强1-4-3.mp4","C:\Users\spq\Desktop\贝强\01_产品资产\01_原始数据包\已整理_BQ007_L0017_贝强鞋业35-45批65全网限价98\L0017贝强鞋业35-45批65全网限价98\12.4贝强1-4-3.mp4","27.98","1440","1080","landscape","h264","30/1","True","aac","34262313","38D6EE06A9F778D7EFCA554273B503F8835612DD16DDD7DEAF77192CC6D28E70"
"BQ007","12.4贝强1-9-16.mp4","C:\Users\spq\Desktop\贝强\01_产品资产\01_原始数据包\已整理_BQ007_L0017_贝强鞋业35-45批65全网限价98\L0017贝强鞋业35-45批65全网限价98\12.4贝强1-9-16.mp4","29.234","1920","1080","landscape","h264","30/1","True","aac","23660163","3BBC833372EE1BB9C73AC15C0F57CF649D56F22F671A428173ED0560D74314F7"
"BQ007","12.4贝强2-1-1.mp4","C:\Users\spq\Desktop\贝强\01_产品资产\01_原始数据包\已整理_BQ007_L0017_贝强鞋业35-45批65全网限价98\L0017贝强鞋业35-45批65全网限价98\12.4贝强2-1-1.mp4","26.354","1080","1080","square","h264","30/1","True","aac","32684645","FA78E6A22CDCFABD057F3E0853D82D69E26029874BD34056D5D27977B00A4050"
"BQ007","12.4贝强2-3-4.mp4","C:\Users\spq\Desktop\贝强\01_产品资产\01_原始数据包\已整理_BQ007_L0017_贝强鞋业35-45批65全网限价98\L0017贝强鞋业35-45批65全网限价98\12.4贝强2-3-4.mp4","26.354","1440","1080","landscape","h264","30/1","True","aac","32649371","F050EFA3CA7B8FA384C3018D984A9334510500F3CC00E1904B75E7135FC07193"
"BQ007","12.4贝强2-9-16.mp4","C:\Users\spq\Desktop\贝强\01_产品资产\01_原始数据包\已整理_BQ007_L0017_贝强鞋业35-45批65全网限价98\L0017贝强鞋业35-45批65全网限价98\12.4贝强2-9-16.mp4","26.354","1920","1080","landscape","h264","30/1","True","aac","31517254","E4E95CD932A7564ECB68BE449AFC0862D202A9CF4F39E9A5DC29B4C649DD40F7"
"BQ007","12.4贝强3-1-1.mp4","C:\Users\spq\Desktop\贝强\01_产品资产\01_原始数据包\已整理_BQ007_L0017_贝强鞋业35-45批65全网限价98\L0017贝强鞋业35-45批65全网限价98\12.4贝强3-1-1.mp4","28.909","1080","1080","square","h264","30/1","True","aac","36498744","F4BE4830CB0F783D11CAC92B47DE042FFDF4CDFA9FD6C06D6F2C28F3147AFAA0"
"BQ007","12.4贝强3-3-4.mp4","C:\Users\spq\Desktop\贝强\01_产品资产\01_原始数据包\已整理_BQ007_L0017_贝强鞋业35-45批65全网限价98\L0017贝强鞋业35-45批65全网限价98\12.4贝强3-3-4.mp4","28.909","1440","1080","landscape","h264","30/1","True","aac","36678023","BE232CC7DFE1E6584C1C24EDE540876759710E4B7C2E2C09E4BB4BA4F0CCF78C"
"BQ007","12.4贝强3-9-16.mp4","C:\Users\spq\Desktop\贝强\01_产品资产\01_原始数据包\已整理_BQ007_L0017_贝强鞋业35-45批65全网限价98\L0017贝强鞋业35-45批65全网限价98\12.4贝强3-9-16.mp4","28.909","1920","1080","landscape","h264","30/1","True","aac","30357456","A60670FF11DF0D71A96D8BFD802133F8D2465AC1574831251B9BAFA6759AEA6F"
"BQ008","12.15贝强-1-1-1.mp4","C:\Users\spq\Desktop\贝强\01_产品资产\01_原始数据包\已整理_BQ008_L1009_贝强鞋业36-45批68限价108元\L1009贝强鞋业36-45批68限价108元\12.15贝强-1-1-1.mp4","27.214","1080","1080","square","h264","30/1","True","aac","34262973","37FCAEDB44EFCB746CB60D53243341E2F6DE306B5144A16D35CA3C29B0DF388C"
"BQ008","12.15贝强-1-3-4.mp4","C:\Users\spq\Desktop\贝强\01_产品资产\01_原始数据包\已整理_BQ008_L1009_贝强鞋业36-45批68限价108元\L1009贝强鞋业36-45批68限价108元\12.15贝强-1-3-4.mp4","27.214","1080","1440","portrait","h264","30/1","True","aac","34515791","90435FF9F17B3283B52F0A45FB35FB85904ED35E00144A658997873B68FC2D3A"
"BQ008","12.15贝强-1-9-16.mp4","C:\Users\spq\Desktop\贝强\01_产品资产\01_原始数据包\已整理_BQ008_L1009_贝强鞋业36-45批68限价108元\L1009贝强鞋业36-45批68限价108元\12.15贝强-1-9-16.mp4","27.214","1080","1920","portrait","h264","30/1","True","aac","26007939","0EF35E75DA391E5710191B774CE72853977D84C21EA595D7FB6D46F1ABE98257"
"BQ008","12.15贝强-2-1-1.mp4","C:\Users\spq\Desktop\贝强\01_产品资产\01_原始数据包\已整理_BQ008_L1009_贝强鞋业36-45批68限价108元\L1009贝强鞋业36-45批68限价108元\12.15贝强-2-1-1.mp4","27.144","1080","1080","square","h264","30/1","True","aac","34419072","AAC1FD97C008EEDB460FA3478E10FC8B85A7EC5F4CF302FD4DD285358986D078"
"BQ008","12.15贝强-2-3-4.mp4","C:\Users\spq\Desktop\贝强\01_产品资产\01_原始数据包\已整理_BQ008_L1009_贝强鞋业36-45批68限价108元\L1009贝强鞋业36-45批68限价108元\12.15贝强-2-3-4.mp4","27.144","1080","1440","portrait","h264","30/1","True","aac","34389984","C1BECD486BEEC4B493B1349B62E4CF50EA135FE4ADC92A3BE4803090FD6302A4"
"BQ008","12.15贝强-2-9-16.mp4","C:\Users\spq\Desktop\贝强\01_产品资产\01_原始数据包\已整理_BQ008_L1009_贝强鞋业36-45批68限价108元\L1009贝强鞋业36-45批68限价108元\12.15贝强-2-9-16.mp4","27.144","1080","1920","portrait","h264","30/1","True","aac","30566853","1ECA3D1461C7BD82EFF582C08663DD0FE8124440229121F2DE34BC61ECB71B26"
"BQ008","12.15贝强混剪-1-1.mp4","C:\Users\spq\Desktop\贝强\01_产品资产\01_原始数据包\已整理_BQ008_L1009_贝强鞋业36-45批68限价108元\L1009贝强鞋业36-45批68限价108元\12.15贝强混剪-1-1.mp4","28.885","1080","1080","square","h264","30/1","True","aac","36375644","0BA6C4DA7BB725082598DEB81F709EB64BD2130AFCC36E7C612F2290BFC8D319"
"BQ008","12.15贝强混剪-3-4.mp4","C:\Users\spq\Desktop\贝强\01_产品资产\01_原始数据包\已整理_BQ008_L1009_贝强鞋业36-45批68限价108元\L1009贝强鞋业36-45批68限价108元\12.15贝强混剪-3-4.mp4","28.885","1080","1440","portrait","h264","30/1","True","aac","36669402","803A30E523A72E1BEBA52448B522BBA230B81BC6DAAD193605608806B911F9CA"
"BQ008","12.15贝强混剪.mp4","C:\Users\spq\Desktop\贝强\01_产品资产\01_原始数据包\已整理_BQ008_L1009_贝强鞋业36-45批68限价108元\L1009贝强鞋业36-45批68限价108元\12.15贝强混剪.mp4","28.885","1080","1920","portrait","h264","30/1","True","aac","28534089","67BD7A627B0843323A5654F6B62A587516599B759570313810730FE546ECEB00"
"BQ009","1.6贝强1-3-4.mp4","C:\Users\spq\Desktop\贝强\01_产品资产\01_原始数据包\已整理_BQ009_L1026_贝强鞋业35-45批65全网限价98元\L1026贝强鞋业35-45批65全网限价98元\1.6贝强1-3-4.mp4","30.046","1080","1440","portrait","h264","30/1","True","aac","37335087","AC59D027BE3FCFF456B1939B111BD847B4F1E02FDD55BE89199E76D75F47F6F3"
"BQ009","1.6贝强1-9-16.mp4","C:\Users\spq\Desktop\贝强\01_产品资产\01_原始数据包\已整理_BQ009_L1026_贝强鞋业35-45批65全网限价98元\L1026贝强鞋业35-45批65全网限价98元\1.6贝强1-9-16.mp4","30.046","1080","1920","portrait","h264","30/1","True","aac","30703150","A00653D7D6E2F91B984EBFA3AA76307ED687EACBAD2B2AC4884DFBE740B409D7"
"BQ009","1.6贝强2-1-1.mp4","C:\Users\spq\Desktop\贝强\01_产品资产\01_原始数据包\已整理_BQ009_L1026_贝强鞋业35-45批65全网限价98元\L1026贝强鞋业35-45批65全网限价98元\1.6贝强2-1-1.mp4","26.006","1080","1080","square","h264","30/1","True","aac","32952313","7DCE579C78147529AA4B6ACBBA737BD722F2354ED3015B25C37BF77D88A50E77"
"BQ009","1.6贝强2-9-16.mp4","C:\Users\spq\Desktop\贝强\01_产品资产\01_原始数据包\已整理_BQ009_L1026_贝强鞋业35-45批65全网限价98元\L1026贝强鞋业35-45批65全网限价98元\1.6贝强2-9-16.mp4","26.006","1080","1920","portrait","h264","30/1","True","aac","31116048","06DD15848650EB69ED1F2055D71BE19BB351A68AEBC45FD218484324F3DAAA5F"
"BQ010","4月15日 (40)(1).mp4","C:\Users\spq\Desktop\贝强\01_产品资产\01_原始数据包\已整理_BQ010_R1601_贝强鞋业R1601款包头帆布板鞋35-45批55元\贝强鞋业R1601款包头帆布板鞋35-45批55元\4月15日 (40)(1).mp4","38.986","1080","1440","portrait","h264","30/1","True","aac","60110178","0535A234D79C684E1C10C615A327B7E2FCE695C4161504630C0B33E6B193E33B"
"BQ011","3月6日 (6)_batch.mp4","C:\Users\spq\Desktop\贝强\01_产品资产\01_原始数据包\已整理_BQ011_A002_A002贝强工厂店一脚蹬男鞋39-45批58元\A002贝强工厂店一脚蹬男鞋39-45批58元\3月6日 (6)_batch.mp4","31.138","1080","1080","square","h264","60/1","True","aac","2887700","64BD2AD6F63233E0E0DABE3FDDCD10247C917E050146EED529978F4B8292CB64"
"BQ011","3月6日 (6).mp4","C:\Users\spq\Desktop\贝强\01_产品资产\01_原始数据包\已整理_BQ011_A002_A002贝强工厂店一脚蹬男鞋39-45批58元\A002贝强工厂店一脚蹬男鞋39-45批58元\3月6日 (6).mp4","31.068","1080","1080","square","h264","60/1","True","aac","51035916","065FEB4BEC356168B3BB7BDC53E0082B96CB537110B489CCDD7A0ADA88C42F46"
"BQ012","4.3贝强-1-1.mp4","C:\Users\spq\Desktop\贝强\01_产品资产\01_原始数据包\已整理_BQ012_M8506_M8506贝强新款35-45批58元\M8506贝强新款35-45批58元\4.3贝强-1-1.mp4","29.28","1080","1080","square","h264","30/1","True","aac","34290842","9EAAB5B25EB0EF49FFB12EDCCE1F60B333ED517166FB3D5F7BA820A94F68B09D"
"BQ012","4.3贝强-4-3.mp4","C:\Users\spq\Desktop\贝强\01_产品资产\01_原始数据包\已整理_BQ012_M8506_M8506贝强新款35-45批58元\M8506贝强新款35-45批58元\4.3贝强-4-3.mp4","29.28","1440","1080","landscape","h264","30/1","True","aac","34285086","88B69CB1A0627AC2E9922AFBC813F1FFE83A6EB7553C9E4E4662F0C90C176BBA"
"BQ013","视频.mp4","C:\Users\spq\Desktop\贝强\01_产品资产\01_原始数据包\已整理_BQ013_T55836_T55836贝强鞋业2025新款批53元\贝强鞋业2025新款T55836批53元\视频.mp4","29.373","1920","1080","landscape","h264","30/1","True","aac","30364169","9467A515ACD586A92BE5AF92F3B24E3E4C215D88B73F5DF0CB2BE93812309642"
"BQ014","8.8贝强.mp4","C:\Users\spq\Desktop\贝强\01_产品资产\01_原始数据包\已整理_BQ014_A507_贝强鞋业A507闪穿鞋35-45秋冬新款批55元\A507\8.8贝强.mp4","29.814","1920","1080","landscape","h264","30/1","True","aac","30411016","CE08D9DD91D0172F57CB69F7036BFA819ED8D4379EF0828FDFA63F7E009F8807"
"BQ014","8.8贝强1-1.mp4","C:\Users\spq\Desktop\贝强\01_产品资产\01_原始数据包\已整理_BQ014_A507_贝强鞋业A507闪穿鞋35-45秋冬新款批55元\A507\8.8贝强1-1.mp4","29.814","1080","1080","square","h264","30/1","True","aac","33615046","12AC976CD07B9C5D9FCAE8C065F3C72A582F6DCF7D074D70908B4717CAE757B1"
"BQ014","8.8贝强4-3.mp4","C:\Users\spq\Desktop\贝强\01_产品资产\01_原始数据包\已整理_BQ014_A507_贝强鞋业A507闪穿鞋35-45秋冬新款批55元\A507\8.8贝强4-3.mp4","29.814","1440","1080","landscape","h264","30/1","True","aac","33475485","6DB34777FB9C2739F50AEBA3E6A17B4D5B652D3F94E2A423BFD0A6A715BC9355"
"BQ015","8.20贝强1-1.mp4","C:\Users\spq\Desktop\贝强\01_产品资产\01_原始数据包\已整理_BQ015_R1811_贝强鞋业R1811秋冬新款35-45批58元\贝强鞋业R1811秋冬新款35-45批58元\8.20贝强1-1.mp4","29.187","1080","1080","square","h264","30/1","True","aac","33193497","EF77320E3DCDECB783F665308F05F0A1619AFF4F1D8F1BB9DCF0571B78EBE438"
"BQ015","8.20贝强16-9.mp4","C:\Users\spq\Desktop\贝强\01_产品资产\01_原始数据包\已整理_BQ015_R1811_贝强鞋业R1811秋冬新款35-45批58元\贝强鞋业R1811秋冬新款35-45批58元\8.20贝强16-9.mp4","29.187","1920","1080","landscape","h264","30/1","True","aac","28486798","6581D445A5B72E87E1C513EC6CAAE93CC8F3A52A0ABF5827655B71849582E30A"
"BQ015","8.20贝强3-4.mp4","C:\Users\spq\Desktop\贝强\01_产品资产\01_原始数据包\已整理_BQ015_R1811_贝强鞋业R1811秋冬新款35-45批58元\贝强鞋业R1811秋冬新款35-45批58元\8.20贝强3-4.mp4","29.187","1440","1080","landscape","h264","30/1","True","aac","33153687","1A2344D4BAF9E8F875B8D08ABEFABA7B0FFBB4E2CB20AA3F675D4C5626DC7238"
"BQ016","1_batch(2).mp4","C:\Users\spq\Desktop\贝强\01_产品资产\01_原始数据包\已整理_BQ016_201_201贝强工厂店秋季一脚蹬女鞋童鞋31-40批50元\201贝强工厂店秋季一脚蹬女鞋童鞋31-40批50元\1_batch(2).mp4","36.293","1080","1080","square","h264","60/1","True","aac","3036208","11561BCBE7E30D2632D84310059295C900C47DD07C88D1849E414F5F477EE2F3"
"BQ016","1(3).mp4","C:\Users\spq\Desktop\贝强\01_产品资产\01_原始数据包\已整理_BQ016_201_201贝强工厂店秋季一脚蹬女鞋童鞋31-40批50元\201贝强工厂店秋季一脚蹬女鞋童鞋31-40批50元\1(3).mp4","36.223","1080","1080","square","h264","60/1","True","aac","58428808","B52F31BD699BB64AE196457D6309CE73414EAC5B11EA528F4A57351320C75880"
"BQ017","10.25-2.mp4","C:\Users\spq\Desktop\贝强\01_产品资产\01_原始数据包\已整理_BQ017_A008_2024贝强鞋业A008套袜一脚蹬男女鞋35-45批55元\贝强鞋业A008套袜一脚蹬男女鞋35-45批55元\10.25-2.mp4","29.489","1920","1080","landscape","h264","60/1","True","aac","59556516","CEF1FF9D0EFC9393CFE123660810B0BE70DFBE3389983449F11FA06D9416B0AD"
"BQ018","0627006.mp4","C:\Users\spq\Desktop\贝强\01_产品资产\01_原始数据包\已整理_BQ018_A116_A116贝强工厂店多走路男鞋35-45批55元\±´Ç¿Êý¾Ý°ü¸Ä\0627006.mp4","30.488","1080","1080","square","h264","30/1","True","aac","49581326","68BE24AE9F6F630CDD484661DDADADBA32E8F4EE3EA047836B8664B7571D1685"
"BQ019","3月2日 (48)_batch.mp4","C:\Users\spq\Desktop\贝强\01_产品资产\01_原始数据包\已整理_BQ019_A206_A206情侣鞋图片\A206情侣鞋图片\3月2日 (48)_batch.mp4","29.187","1080","1080","square","h264","60/1","True","aac","2965430","114459D47F238AFFF10D5E17539B330E6CAF9B8DC157A53DAE5E11816E6E3898"
"BQ019","3月2日 (48).mp4","C:\Users\spq\Desktop\贝强\01_产品资产\01_原始数据包\已整理_BQ019_A206_A206情侣鞋图片\A206情侣鞋图片\3月2日 (48).mp4","29.118","1080","1080","square","h264","60/1","True","aac","47326317","2BB13F19A1C2814DB5DD98F9990221B941D18B23348CEA0F587AFE37ABBA24F7"
"BQ020","视频.mp4","C:\Users\spq\Desktop\贝强\01_产品资产\01_原始数据包\已整理_BQ020_A218_A218贝强鞋业夏季透孔一脚蹬男女鞋35-45批55元\A218贝强鞋业夏季透孔一脚蹬男女鞋35-45批55元\视频.mp4","29.489","1920","1080","landscape","h264","60/1","True","aac","49915685","E14564957EB4BFD3CD17A2F9D147215FC6485637183C58AD93AAA9C79789DF20"
"BQ021","9月14日 (13).mp4","C:\Users\spq\Desktop\贝强\01_产品资产\01_原始数据包\已整理_BQ021_K6212_贝强鞋业K6212款35-45批53元\贝强鞋业K6212款35-45批53元\9月14日 (13).mp4","33.576","1080","1080","square","h264","60/1","True","aac","84422069","01162FC990404E2A2FDC33391A4AFCCB7AA9F6C55466CA3DB2502B0CB4C7C34B"
"BQ021","9月14日 (13)(1).mp4","C:\Users\spq\Desktop\贝强\01_产品资产\01_原始数据包\已整理_BQ021_K6212_贝强鞋业K6212款35-45批53元\贝强鞋业K6212款35-45批53元\9月14日 (13)(1).mp4","33.576","480","480","square","h264","60/1","True","aac","5827224","8037EE1917995D90FADCED3B4844FE240EC7AEB3D00CBE2778C8BC8F29B5E993"
"BQ022","1_batch(1).mp4","C:\Users\spq\Desktop\贝强\01_产品资产\01_原始数据包\已整理_BQ022_A2208_补充_A2208\A2208\1_batch(1).mp4","29.791","1080","1080","square","h264","60/1","True","aac","2870023","2733EA4CA0950EBC738E5A71F40D3CAD9EA210B14FF88D43525A623C201E5014"
"BQ022","1(2).mp4","C:\Users\spq\Desktop\贝强\01_产品资产\01_原始数据包\已整理_BQ022_A2208_补充_A2208\A2208\1(2).mp4","29.721","1080","1080","square","h264","60/1","True","aac","48606453","54F0AB513221E9F7D9AA9170E3E0E57506D401983A14B05022CE3DD0BD658710"
"BQ022","208视频.mp4","C:\Users\spq\Desktop\贝强\01_产品资产\01_原始数据包\已整理_BQ022_A2208_补充_A2208\A2208\208视频.mp4","29.791","1080","1080","square","h264","60/1","True","aac","2870023","2733EA4CA0950EBC738E5A71F40D3CAD9EA210B14FF88D43525A623C201E5014"
"BQ022","3月2日 (46)_batch.mp4","C:\Users\spq\Desktop\贝强\01_产品资产\01_原始数据包\已整理_BQ022_A2208_A2208情侣鞋图片\A2208情侣鞋图片\3月2日 (46)_batch.mp4","29.675","1080","1080","square","h264","60/1","True","aac","3134099","166D2D5AB09EC1CD14B5348A922F8366F3CA6E36B5A5CFC1F680E21DD596CD66"
"BQ022","3月2日 (46).mp4","C:\Users\spq\Desktop\贝强\01_产品资产\01_原始数据包\已整理_BQ022_A2208_A2208情侣鞋图片\A2208情侣鞋图片\3月2日 (46).mp4","29.605","1080","1080","square","h264","60/1","True","aac","48791249","4744B72DC1DDF105B9F23843A03BBB2325CA415D1E8EBCA7DFAF4FA9BA0DCEE5"
"BQ023","5月12日 (4).mp4","C:\Users\spq\Desktop\贝强\01_产品资产\01_原始数据包\已整理_BQ023_A505_A505数据包\A505数据包\5月12日 (4).mp4","30.882","1440","2560","portrait","h264","30/1","True","aac","55500953","89476BBA995EE2F56C258B908331527587CDCF2A71D25D40D39050E4E7946899"
"BQ023","5月12日 (4)(1).mp4","C:\Users\spq\Desktop\贝强\01_产品资产\01_原始数据包\已整理_BQ023_A505_A505数据包\A505数据包\5月12日 (4)(1).mp4","30.882","1440","1920","portrait","h264","30/1","True","aac","54225300","F8F93495002F262C7D7A2DD1818B0C7B41202FC9647C35A5EA73E5709EB08169"
"BQ023","5月12日 (4)(2).mp4","C:\Users\spq\Desktop\贝强\01_产品资产\01_原始数据包\已整理_BQ023_A505_A505数据包\A505数据包\5月12日 (4)(2).mp4","30.882","1440","1440","square","h264","30/1","True","aac","66273702","D7D8D4DA7D467F0ED1E177355241EE0DF1EF99F9A70F04B0FDA497FACB6E0C0E"
"BQ023","5月17日(3).mp4","C:\Users\spq\Desktop\贝强\01_产品资产\01_原始数据包\已整理_BQ023_A505_A505数据包\A505数据包\5月17日(3).mp4","30.882","480","640","portrait","h264","30/1","True","aac","3910349","7F7206BF6A1FD9077B68AA2A77EC036B791EC09A15358C76315F17CD476A2D56"
"BQ023","5月17日(4).mp4","C:\Users\spq\Desktop\贝强\01_产品资产\01_原始数据包\已整理_BQ023_A505_A505数据包\A505数据包\5月17日(4).mp4","30.882","480","480","square","h264","30/1","True","aac","3293030","7A933DBB3B0610795DF4A0EC511A8AF7D42DD4F041086459640BA70718EB2E0D"
"BQ023","5月17日(5).mp4","C:\Users\spq\Desktop\贝强\01_产品资产\01_原始数据包\已整理_BQ023_A505_A505数据包\A505数据包\5月17日(5).mp4","30.882","480","854","portrait","h264","30/1","True","aac","4542622","C142E685E5582725FA6AC4ED4C48E5EC435E8E8C13C9A66FF1785C5F20F11021"
"BQ025","3月2日 (47)_batch.mp4","C:\Users\spq\Desktop\贝强\01_产品资产\01_原始数据包\已整理_BQ025_A1689_A1689情侣鞋图片\A1689情侣鞋图片\3月2日 (47)_batch.mp4","30.186","1080","1080","square","h264","60/1","True","aac","2983834","CCB86C2D5FC7C3DF41F6590869B9917868CE33D026A902D094ECFC4F8741BACC"
"BQ025","3月2日 (47).mp4","C:\Users\spq\Desktop\贝强\01_产品资产\01_原始数据包\已整理_BQ025_A1689_A1689情侣鞋图片\A1689情侣鞋图片\3月2日 (47).mp4","30.116","1080","1080","square","h264","60/1","True","aac","50941014","B7CF6E21464C8944ED78772418EFDD0001F4BBAB17970D1C1AB1FEFC04E7CE69"
"BQ026","3.24贝强-1-1.mp4","C:\Users\spq\Desktop\贝强\01_产品资产\01_原始数据包\已整理_BQ026_T5828_T5828\T5828\3.24贝强-1-1.mp4","27.933","1080","1080","square","h264","30/1","True","aac","32362789","2FD6D8E5107E0DF785AB563AFBF1C8F41BB801186108E516B4EFFAB14F02E2C1"
"BQ026","3.24贝强-4-3.mp4","C:\Users\spq\Desktop\贝强\01_产品资产\01_原始数据包\已整理_BQ026_T5828_T5828\T5828\3.24贝强-4-3.mp4","27.933","1440","1080","landscape","h264","30/1","True","aac","32183249","8BEF8B55D6F7908AA4391FD8765320F9F4675B1E33EC818D8E2C39930375F1D5"
"BQ026","3.24贝强-9-16.mp4","C:\Users\spq\Desktop\贝强\01_产品资产\01_原始数据包\已整理_BQ026_T5828_T5828\T5828\3.24贝强-9-16.mp4","27.933","1920","1080","landscape","h264","30/1","True","aac","26718575","BD6EABFB8B51A980D0763155AE97D91DE63212FAC977C55A9FBCDC6E9A24E592"
"BQ027","4月7日 (58)1.mp4","C:\Users\spq\Desktop\贝强\01_产品资产\01_原始数据包\已整理_BQ027_K6116_贝强工厂店K6116情侣款35-45批55元限价79\贝强工厂店K6116情侣款35-45批55元限价79\4月7日 (58)1.mp4","35.967","480","480","square","h264","60/1","True","aac","6363992","C61071EFBCCDEFE0BEF972E34064C51A975156AEF0BB7BD3E11F44597253166D"
"BQ028","H7212视频.mp4","C:\Users\spq\Desktop\贝强\01_产品资产\01_原始数据包\已整理_BQ028_BISCUIT_贝强鞋业2024秋冬新款饼干鞋底一脚蹬男女鞋35-45批55元\贝强鞋业2024秋冬新款饼干鞋底一脚蹬男女鞋35-45批55元\H7212视频.mp4","30.789","1080","1080","square","h264","30/1","True","aac","52023659","1E31107A9A2234A45E91DB3A5F8B5BBDEA09BA6D16E758F31C74E90F587C8903"
"BQ029","6MB.mp4","C:\Users\spq\Desktop\贝强\01_产品资产\01_原始数据包\已整理_BQ029_A025_贝强鞋业A025高帮波浪纹35-45批58元全网限价88元\贝强鞋业A025高帮波浪纹35-45批58元全网限价88元\视频\6MB.mp4","26.703","480","480","square","h264","30/1","True","aac","4460885","1C9499BCFE934F601DCAEC45194078E061F32CEC6B18FEC6FEAF5BBCDE8225DC"
"BQ029","贝强视频.mp4","C:\Users\spq\Desktop\贝强\01_产品资产\01_原始数据包\已整理_BQ029_A025_贝强鞋业A025高帮波浪纹35-45批58元全网限价88元\贝强鞋业A025高帮波浪纹35-45批58元全网限价88元\视频\贝强视频.mp4","26.703","1080","1080","square","h264","30/1","True","aac","25912699","F97A03DC6D9A744C73428823757AB6D86614E0E7AF8BFCF5A3EC320AC5252576"
