产品ID,型号,分组,搜索曝光,搜索点击,点击率,访问人数,询盘人数,_当前标题,_颜色,_尺码,_SKU数,_MOQ,_FOB,_货期,_主图数,_FAQ数,_分组ID,_类目ID,_类型,_详情页,Brand Name,Closure Type,Feature,Fit Type,Lining Material,Midsole Material,Model Number,Outsole Material,Pattern,Pattern Type,Place of Origin,Season,Sole Construction,Style,Toe Style,US Size,Upper Material
1601939659415,BQ008-O1 / L1009,Athletic & Running Style Shoes,1099.0,14.0,1.27,24.0,0.0,Custom Logo All Black Breathable Mesh Walking Shoes Thick Sole Lace Up Sneakers OEM ODM L1009,BLACK / WHITE / GREEN,36-45,40,2,9.05~9.45,31,6,8,971467417,201334413,sourcing,https://www.alibaba.com/product-detail/Custom-Logo-All-Black-Breathable-Mesh_1601939659415.html,,,,,,,,,,,,,,,,,
1601939625569,BQ008-W1 / L1009,Athletic & Running Style Shoes,1671.0,31.0,1.86,33.0,0.0,Wholesale Men's Grey Green Breathable Mesh Light Weight All Seasons Athletic Walking Shoes Thick Sole Lace up Sneakers L1009,BLACK / GREEN / WHITE,36-45,40,2,9.09~9.49,31,6,8,971467417,201334413,sourcing,https://www.alibaba.com/product-detail/Wholesale-Men-s-Grey-Green-Breathable_1601939625569.html,,,,,,,,,,,,,,,,,
10000047220568,BQ049 / A230,Breathable Lace-Up Walking Shoes,3550.0,20.0,0.56,31.0,1.0,Wholesale Model A230 Knit Lace-Up Breathable Walking Shoes Lightweight Plastic Outsole Casual Sneakers for Men and Women,WHITE / GREY / BLACK / PINK,35-45,50,2,9.09~9.49,31,6,0,916810944,201334413,sourcing,https://www.alibaba.com/product-detail/Wholesale-Model-A230-Knit-Lace-Up_10000047220568.html,,,,,,,,,,,,,,,,,
1601924345456,BQ033 / T5503,Breathable Lace-Up Walking Shoes,1513.0,13.0,0.86,15.0,0.0,Wholesale Breathable Knit Lace-Up Casual Walking Shoes Lightweight Spring Autumn Summer Sneakers for Men and Women,BK / PK / OW / GR,35-45,44,2,9.09~9.49,31,6,5,916810944,201334413,sourcing,https://www.alibaba.com/product-detail/Wholesale-Breathable-Knit-Lace-Up-Casual_1601924345456.html,,,,,,,,,,,,,,,,,
1601939628529,BQ008-R1 / L1009,Athletic & Running Style Shoes,354.0,2.0,0.56,5.0,0.0,Men's Black White Breathable Mesh Walking Shoes Thick Sole Lace Up Casual Sneakers L1009,BLACK / GREEN / WHITE,36-45,40,2,9.13~9.53,31,6,8,971467417,201334413,sourcing,https://www.alibaba.com/product-detail/Men-s-Black-White-Breathable-Mesh_1601939628529.html,,,,,,,,,,,,,,,,,
1601939735063,BQ006-O1 / M8811,Breathable Lace-Up Walking Shoes,1094.0,15.0,1.37,20.0,0.0,All Black Breathable Walking Shoes Knit Lace Up Chunky EVA Sole Custom Logo OEM ODM Sneakers M8811,WHITE / GREY / BLACK / GREEN / PINK / PURPLE,35-45,67,2,9.05~9.45,31,6,8,916810944,201334413,sourcing,https://www.alibaba.com/product-detail/All-Black-Breathable-Walking-Shoes-Knit_1601939735063.html,,,,,,,,,,,,,,,,,
1601814931739,BQ006 / M8811,Breathable Lace-Up Walking Shoes,481.0,8.0,1.66,13.0,0.0,Wholesale Summer Autumn Breathable Anti-Slip Knit Lace-Up Walking Shoes M8811 Thick EVA Sole Lightweight Casual Sneakers OEM ODM,,,56,2,9.09~9.49,31,6,8,916810944,201334413,sourcing,https://www.alibaba.com/product-detail/Wholesale-Summer-Autumn-Breathable-Anti-Slip_1601814931739.html,,,,,,,,,,,,,,,,,
1601939745065,BQ026-W1 / T5828,Breathable Lace-Up Walking Shoes,1055.0,8.0,0.76,13.0,0.0,Wholesale Men's Breathable Knit Lace-Up Walking Shoes Lightweight Casual Sneakers T5828,PINK / WHITE / BLACK / RED / GREY,35-45,55,2,9.09~9.49,31,6,8,916810944,201334413,sourcing,https://www.alibaba.com/product-detail/Wholesale-Men-s-Breathable-Knit-Lace_1601939745065.html,,,,,,,,,,,,,,,,,
10000043200726,BQ003 / R1218,Breathable Lace-Up Walking Shoes,500.0,4.0,0.8,6.0,1.0,Wholesale Breathable Knit Lace-Up Walking Shoes R1218 Lightweight EVA Sole Casual Sneakers OEM ODM,,,55,2,9.09~9.49,31,6,8,916810944,201334413,sourcing,https://www.alibaba.com/product-detail/Wholesale-Breathable-Knit-Lace-Up-Walking_10000043200726.html,,,,,,,,,,,,,,,,,
1601939616747,BQ019-W1 / A206,Breathable Lace-Up Walking Shoes,419.0,3.0,0.72,5.0,0.0,Wholesale Men's Breathable Light Weight Casual Sneakers Knit Textile Lace Walking Shoes EVA Midsole Outsole Factory Supply A206,BLACK / WHITE / GREY / CREAM,35-45,44,2,9.09~9.49,31,6,8,916810944,201334413,sourcing,https://www.alibaba.com/product-detail/Wholesale-Men-s-Breathable-Light-Weight_1601939616747.html,,,,,,,,,,,,,,,,,
1601939663432,BQ003-R1 / R1218,Breathable Lace-Up Walking Shoes,345.0,1.0,0.29,9.0,0.0,Men's Casual Walking Shoes Breathable Knit Lightweight EVA Sole All Seasons Regular Fit Lace-Up Sneakers R1218,WHITE / BLACK / PINK / GREY,35-45,55,2,9.13~9.53,31,6,8,916810944,201334413,sourcing,https://www.alibaba.com/product-detail/Men-s-Casual-Walking-Shoes-Breathable_1601939663432.html,,,,,,,,,,,,,,,,,
1601939660427,BQ006-W1 / M8811,Breathable Lace-Up Walking Shoes,429.0,10.0,2.33,10.0,0.0,Wholesale White Green Walking Style Shoes Breathable Knit Lace up Lightweight Chunky EVA Sole Sneakers All Seasons M8811,WHITE / GREY / GREEN / BLACK / PINK / PURPLE,35-45,67,2,9.09~9.49,31,6,8,916810944,201334413,sourcing,https://www.alibaba.com/product-detail/Wholesale-White-Green-Walking-Style-Shoes_1601939660427.html,,,,,,,,,,,,,,,,,
1601939725201,BQ026-R1 / T5828,Breathable Lace-Up Walking Shoes,335.0,1.0,0.3,3.0,0.0,Mens Casual Shoes Breathable Knit Lace-Up Lightweight Daily Walking Sneakers T5828 All Seasons EVA Midsole,WHITE / BLACK / PINK / RED / GREY,35-45,55,2,9.13~9.53,31,6,8,916810944,201334413,sourcing,https://www.alibaba.com/product-detail/Mens-Casual-Shoes-Breathable-Knit-Lace_1601939725201.html,,,,,,,,,,,,,,,,,
10000047221334,BQ044 / 811,Breathable Lace-Up Walking Shoes,319.0,2.0,0.63,3.0,0.0,Wholesale Model 811 Breathable Light Weight Knit Lace-Up Casual Walking Shoes Rubber-Plastic Sole EU 35-45,WHITE / BLACK / GREEN / GREY / PURPLE / PINK,35-45,66,2,9.09~9.49,31,6,0,916810944,201334413,sourcing,https://www.alibaba.com/product-detail/Wholesale-Model-811-Breathable-Light-Weight_10000047221334.html,,,,,,,,,,,,,,,,,
10000047196608,BQ050 / A828,Breathable Lace-Up Walking Shoes,331.0,0.0,0.0,3.0,0.0,Wholesale Model A828 Breathable Light Weight Plastic Knit Lace-Up Casual Walking Shoes Regular Fit EU 35-45 OEM ODM,WHITE / GREY / BLACK / RED / PINK,35-45,61,2,9.09~9.49,31,6,0,916810944,201334413,sourcing,https://www.alibaba.com/product-detail/Wholesale-Model-A828-Breathable-Light-Weight_10000047196608.html,,,,,,,,,,,,,,,,,
10000047396313,BQ060 / A350,Breathable Lace-Up Walking Shoes,315.0,6.0,1.9,4.0,0.0,Wholesale Model A350 Knit Lace-Up Casual Walking Shoes Lightweight Rubber-Plastic Sole Sneakers EU 35-45,WHITE / BLACK,35-45,33,2,9.09~9.49,31,6,0,916810944,201334413,sourcing,https://www.alibaba.com/product-detail/Wholesale-Model-A350-Knit-Lace-Up_10000047396313.html,,,,,,,,,,,,,,,,,
1601957388768,BQ003-S4 / R1218,Breathable Lace-Up Walking Shoes,0.0,0.0,0.0,1.0,0.0,Men's Black White Breathable Knit Lace-Up Walking Shoes Lightweight EVA Sneakers R1218 BQ003,WHITE / GREY / PINK / BLACK,35-45,55,2,9.09~9.49,31,6,8,916810944,201334413,sourcing,https://www.alibaba.com/product-detail/Men-s-Black-White-Breathable-Knit_1601957388768.html,,,,,,,,,,,,,,,,,
1601957361351,BQ003-S1 / R1218,Breathable Lace-Up Walking Shoes,0.0,0.0,0.0,1.0,0.0,Wholesale White Solid Breathable Knit Lace-Up Walking Shoes Lightweight EVA Mesh Upper Spring Summer Casual Sneakers R1218 BQ003,WHITE / GREY / PINK / BLACK,35-45,55,2,9.09~9.49,31,6,8,916810944,201334413,sourcing,https://www.alibaba.com/product-detail/Wholesale-White-Solid-Breathable-Knit-Lace_1601957361351.html,,,,,,,,,,,,,,,,,
1601957404574,BQ003-S3 / R1218,Breathable Lace-Up Walking Shoes,0.0,0.0,0.0,1.0,0.0,Wholesale Pink Breathable Knit Lace-Up Walking Shoes Lightweight EVA Casual Sneakers R1218 BQ003,WHITE / GREY / PINK / BLACK,35-45,55,2,9.09~9.49,31,6,8,916810944,201334413,sourcing,https://www.alibaba.com/product-detail/Wholesale-Pink-Breathable-Knit-Lace-Up_1601957404574.html,,,,,,,,,,,,,,,,,
1601957476136,BQ003-S2 / R1218,Breathable Lace-Up Walking Shoes,0.0,0.0,0.0,1.0,0.0,Factory Direct Grey Breathable Knit Lace-Up Walking Shoes Lightweight EVA Casual Sneakers R1218 BQ003,WHITE / GREY / BLACK / PINK,35-45,55,2,9.09~9.49,31,6,8,916810944,201334413,sourcing,https://www.alibaba.com/product-detail/Factory-Direct-Grey-Breathable-Knit-Lace_1601957476136.html,,,,,,,,,,,,,,,,,
1601957629892,BQ005-S1 / A503,Breathable Lace-Up Walking Shoes,0.0,0.0,0.0,1.0,0.0,Wholesale All Black Breathable Knit Lace-Up Walking Shoes Lightweight EVA Casual Sneakers A503 BQ005,WHITE / GREY / PINK / BLACK,35-45,44,2,9.09~9.49,31,6,8,916810944,201334413,sourcing,https://www.alibaba.com/product-detail/Wholesale-All-Black-Breathable-Knit-Lace_1601957629892.html,,,,,,,,,,,,,,,,,
1601957514145,BQ003-S5 / R1218,Breathable Lace-Up Walking Shoes,0.0,0.0,0.0,1.0,0.0,Wholesale All Black Breathable Knit Lace-Up Walking Shoes Lightweight EVA Casual Sneakers R1218 BQ003,WHITE / PINK / GREY / BLACK,35-45,55,2,9.09~9.49,31,6,8,916810944,201334413,sourcing,https://www.alibaba.com/product-detail/Wholesale-All-Black-Breathable-Knit-Lace_1601957514145.html,,,,,,,,,,,,,,,,,
1601957664983,BQ005-S2 / A503,Breathable Lace-Up Walking Shoes,0.0,0.0,0.0,1.0,0.0,Grey Breathable Mesh Lining Solid Lightweight EVA Walking Shoes Lace-Up Sneakers for Spring Summer Autumn Casual A503 BQ005,GREY / WHITE / PINK / BLACK,35-45,44,2,9.09~9.49,31,6,8,916810944,201334413,sourcing,https://www.alibaba.com/product-detail/Grey-Breathable-Mesh-Lining-Solid-Lightweight_1601957664983.html,,,,,,,,,,,,,,,,,
1601957855049,BQ005-S3 / A503,Breathable Lace-Up Walking Shoes,0.0,0.0,0.0,1.0,0.0,Pink Breathable Knit Lace-Up Walking Shoes Lightweight Casual Sneakers EVA Sole A503 BQ005,PINK / WHITE / BLACK / GREY,35-45,44,2,9.09~9.49,31,6,8,916810944,201334413,sourcing,https://www.alibaba.com/product-detail/Pink-Breathable-Knit-Lace-Up-Walking_1601957855049.html,,,,,,,,,,,,,,,,,
10000047208726,BQ047 / A189,High Top & Sock Sneakers,959.0,14.0,1.46,12.0,0.0,Wholesale Model A189 Men's High Top Knit Slip-On Shoes Breathable Light Weight Plastic EVA Blend Sole Casual Sock Sneakers,WHITE / BLACK,39-45,14,2,9.09~9.49,31,6,0,971885228,201334413,sourcing,https://www.alibaba.com/product-detail/Wholesale-Model-A189-Men-s-High_10000047208726.html,,,,,,,,,,,,,,,,,
1601939616762,BQ027-W1 / K6116,Regular Fit Casual Walking Shoes,428.0,0.0,0.0,1.0,0.0,Wholesale Men Women Black White Knit Lace Up Casual Walking Shoes Lightweight Breathable Factory Supply K6116,CREAM / GREY / WHITE / BLACK,35-45,44,2,9.09~9.49,31,6,8,916200866,201334413,sourcing,https://www.alibaba.com/product-detail/Wholesale-Men-Women-Black-White-Knit_1601939616762.html,,,,,,,,,,,,,,,,,
1601939608691,BQ016-W1 / 201,Kids Casual Walking Shoes,409.0,5.0,1.22,5.0,0.0,Wholesale Kids Knit Slip-On School Shoes Breathable Lightweight EVA Midsole Casual Walking Sneakers EU 31-40 Model 201,STRIPE / PINK / BLACK,31-40,30,2,9.09~9.49,31,6,8,972226104,201334413,sourcing,https://www.alibaba.com/product-detail/Wholesale-Kids-Knit-Slip-On-School_1601939608691.html,,,,,,,,,,,,,,,,,
1601939692338,BQ027-R1 / K6116,Regular Fit Casual Walking Shoes,1211.0,5.0,0.41,7.0,0.0,Grey Knit Lace Up Casual Walking Shoes Lightweight Breathable Sneakers for Men Women K6116,GREY / WHITE / BLACK / CREAM,35-45,44,2,9.13~9.53,31,6,8,916200866,201334413,sourcing,https://www.alibaba.com/product-detail/Grey-Knit-Lace-Up-Casual-Walking_1601939692338.html,,,,,,,,,,,,,,,,,
1601939691301,BQ016-R1 / 201,Kids Casual Walking Shoes,496.0,6.0,1.21,3.0,0.0,Girls School Shoes Knit Slip-On Lightweight Breathable Casual Walking Sneakers All Seasons EU 31-40 Model 201,PINK / BLACK / STRIPE,31-40,30,2,9.13~9.53,31,6,8,972226104,201334413,sourcing,https://www.alibaba.com/product-detail/Girls-School-Shoes-Knit-Slip-On_1601939691301.html,,,,,,,,,,,,,,,,,
1601924792152,BQ040 / 1689,Slip-On Casual Walking Shoes,1076.0,11.0,1.02,10.0,0.0,Wholesale Knit Slip-On Walking Shoes Mesh Lining MD Foam Segmented Sole Lightweight Casual Sneakers for Men,AB / BW / GR,39-45,21,2,9.09~9.49,31,6,5,972130291,201334413,sourcing,https://www.alibaba.com/product-detail/Wholesale-Knit-Slip-On-Walking-Shoes_1601924792152.html,,,,,,,,,,,,,,,,,
10000044004948,BQ023 / A505,Slip-On Casual Walking Shoes,845.0,8.0,0.95,22.0,0.0,Wholesale Soft Knit Slip-On Walking Shoes A505 Breathable Thick Sole Casual Sneakers OEM ODM,,,33,2,9.09~9.49,31,6,8,972130291,201334413,sourcing,https://www.alibaba.com/product-detail/Wholesale-Soft-Knit-Slip-On-Walking_10000044004948.html,,,,,,,,,,,,,,,,,
1601939669411,BQ014-W1 / A507,Slip-On Casual Walking Shoes,323.0,2.0,0.62,3.0,0.0,Wholesale Men's Casual Slip-On Shoes Breathable Stretch Knit Lightweight Cushioned Walking Sneakers All Seasons Factory Supply,WHITE / BLACK,35-45,33,2,9.09~9.49,31,6,8,972130291,201334413,sourcing,https://www.alibaba.com/product-detail/Wholesale-Men-s-Casual-Slip-On_1601939669411.html,,,,,,,,,,,,,,,,,
10000044024484,BQ025 / A1689,Slip-On Casual Walking Shoes,633.0,6.0,0.95,22.0,0.0,Wholesale Low Cut Knit Textile Slip-On Walking Shoes A1689 Casual Shoes EU 35-45 OEM ODM,,,22,2,9.09~9.49,31,6,8,972130291,201334413,sourcing,https://www.alibaba.com/product-detail/Wholesale-Low-Cut-Knit-Textile-Slip_10000044024484.html,,,,,,,,,,,,,,,,,
1601939641581,BQ022-W1 / A2208,Slip-On Casual Walking Shoes,454.0,3.0,0.66,5.0,1.0,Wholesale Men's Casual Slip On Sneakers Striped Knit Textile Walking Shoes Factory Supply A2208,WHITE / GREY / STRIPE,35-45,33,2,9.09~9.49,31,6,8,972130291,201334413,sourcing,https://www.alibaba.com/product-detail/Wholesale-Men-s-Casual-Slip-On_1601939641581.html,,,,,,,,,,,,,,,,,
1601939709218,BQ022-O1 / A2208,Slip-On Casual Walking Shoes,0.0,0.0,0.0,2.0,0.0,Custom Logo Breathable Light Weight Slip on Casual Sneakers Striped Knit Walking Shoes OEM ODM Private Label A2208,STRIPE / WHITE / GREY,35-45,33,2,9.05~9.45,31,6,8,972130291,201334413,sourcing,https://www.alibaba.com/product-detail/Custom-Logo-Breathable-Light-Weight-Slip_1601939709218.html,,,,,,,,,,,,,,,,,
1601939658415,BQ014-R1 / A507,Slip-On Casual Walking Shoes,301.0,5.0,1.66,6.0,0.0,Men's Casual Walking Shoes Breathable Knit Lightweight Slip-On Sneakers Cushioned Midsole Regular Fit Toe All Seasons Daily Wear,WHITE / BLACK,35-45,33,2,9.13~9.53,31,6,8,972130291,201334413,sourcing,https://www.alibaba.com/product-detail/Men-s-Casual-Walking-Shoes-Breathable_1601939658415.html,,,,,,,,,,,,,,,,,
1601956046603,BQ002-S1 / BQ002,Slip-On Casual Walking Shoes,0.0,0.0,0.0,1.0,0.0,Men's Breathable Light Weight Wide Toe Box Slip-On Walking Shoes Grey White Knit Casual Sneakers BQ002,WHITE / KHAKI / BLACK,36-46,33,2,9.09~9.49,31,6,8,972130291,201334413,sourcing,https://www.alibaba.com/product-detail/Men-s-Breathable-Light-Weight-Wide_1601956046603.html,,,,,,,,,,,,,,,,,
1601957075451,BQ002-S3 / BQ002,Slip-On Casual Walking Shoes,0.0,0.0,0.0,1.0,0.0,Men's Wide Toe Box Slip-On Walking Shoes Grey Khaki Knit Casual Sneakers BQ002,BLACK / WHITE / KHAKI,36-46,33,2,9.09~9.49,31,6,8,972130291,201334413,sourcing,https://www.alibaba.com/product-detail/Men-s-Wide-Toe-Box-Slip_1601957075451.html,,,,,,,,,,,,,,,,,
1601957079462,BQ001-S3 / BQ001,Slip-On Casual Walking Shoes,0.0,0.0,0.0,1.0,0.0,Wholesale Men's Wide Toe Box Slip-On Walking Shoes All Black Knit Sneakers BQ001,WHITE / BLACK,36-46,33,2,9.09~9.49,31,6,8,972130291,201334413,sourcing,https://www.alibaba.com/product-detail/Wholesale-Men-s-Wide-Toe-Box_1601957079462.html,,,,,,,,,,,,,,,,,
1601957061462,BQ001-S2 / BQ001,Slip-On Casual Walking Shoes,0.0,0.0,0.0,1.0,0.0,Men's Wide Toe Box Slip-On Shoes White Knit Casual Walking Sneakers Wholesale BQ001,WHITE / BLACK,36-46,33,2,9.09~9.49,31,6,8,972130291,201334413,sourcing,https://www.alibaba.com/product-detail/Men-s-Wide-Toe-Box-Slip_1601957061462.html,,,,,,,,,,,,,,,,,
1601957092413,BQ002-S2 / BQ002,Slip-On Casual Walking Shoes,0.0,0.0,0.0,1.0,0.0,Men's Wide Toe Box Slip-On Shoes Grey Black Knit Walking Sneakers Wholesale BQ002,BLACK / WHITE / KHAKI,36-46,33,2,9.09~9.49,31,6,8,972130291,201334413,sourcing,https://www.alibaba.com/product-detail/Men-s-Wide-Toe-Box-Slip_1601957092413.html,,,,,,,,,,,,,,,,,
1601957502919,BQ004-S3 / A502,Slip-On Casual Walking Shoes,0.0,0.0,0.0,2.0,0.0,Factory Direct Black White Knit Lace-Up Walking Shoes Lightweight EVA Casual Sneakers A502 BQ004,BLACK / BLUE / WHITE,35-45,44,2,9.09~9.49,31,6,8,972130291,201334413,sourcing,https://www.alibaba.com/product-detail/Factory-Direct-Black-White-Knit-Lace_1601957502919.html,,,,,,,,,,,,,,,,,
1601957529565,BQ004-S2 / A502,Slip-On Casual Walking Shoes,0.0,0.0,0.0,1.0,0.0,Light Blue Breathable Mesh Solid Color Knit Lace-Up Walking Shoes Lightweight Casual Sneakers Spring Summer Autumn A502 BQ004,BLACK / BLUE / WHITE,35-45,44,2,9.09~9.49,31,6,8,972130291,201334413,sourcing,https://www.alibaba.com/product-detail/Light-Blue-Breathable-Mesh-Solid-Color_1601957529565.html,,,,,,,,,,,,,,,,,
1601957633351,BQ004-S4 / A502,Slip-On Casual Walking Shoes,0.0,0.0,0.0,1.0,0.0,Wholesale Grey Black Lightweight Knit Lace-Up Walking Shoes Breathable EVA Casual Sneakers A502 BQ004,BLACK / BLUE / WHITE,35-45,44,2,9.09~9.49,31,6,8,972130291,201334413,sourcing,https://www.alibaba.com/product-detail/Wholesale-Grey-Black-Lightweight-Knit-Lace_1601957633351.html,,,,,,,,,,,,,,,,,
1601957577249,BQ004-S1 / A502,Slip-On Casual Walking Shoes,0.0,0.0,0.0,1.0,0.0,Wholesale Men's Lightweight Knit Lace-Up Walking Shoes Orange Black EVA Sole A502 BQ004,BLACK / WHITE / BLUE,35-45,44,2,9.09~9.49,31,6,8,972130291,201334413,sourcing,https://www.alibaba.com/product-detail/Wholesale-Men-s-Lightweight-Knit-Lace_1601957577249.html,,,,,,,,,,,,,,,,,
10000046439033,BQ031 / ZX2116,Wide Toe Box Walking Shoes,350.0,1.0,0.29,3.0,0.0,Wholesale Breathable Comfort Spring/Autumn Mesh Wide Toe Box Knit Lace-Up Walking Shoes ZX2116 Large Size EU 38-47 OEM ODM,,,50,2,9.09~9.49,31,6,8,915505550,201334413,sourcing,https://www.alibaba.com/product-detail/Wholesale-Breathable-Comfort-Spring-Autumn-Mesh_10000046439033.html,,,,,,,,,,,,,,,,,
